provincia;tipo_tabaco;es_subtotal_provincial;es_total_nacional;volumen_kg;valor_acopio_pesos;precio_acopio_promedio;valor_fet_pesos;precio_fet_promedio;valor_total_pesos;precio_total_promedio;campana
TOTAL_NACIONAL;TOTAL_NACIONAL;False;True;107349565.0;6623257819.61;61.7;3826122755.18;35.64;10449380574.79;97.34;2018/2019
JUJUY;SUBTOTAL_PROVINCIAL;True;False;33700240.0;2155830940.78;63.97;1242775876.13;36.88;3398606816.91;100.85;2018/2019
JUJUY;VIRGINIA;False;False;33700240.0;2155830940.78;63.97;1242775876.13;36.88;3398606816.91;100.85;2018/2019
SALTA;SUBTOTAL_PROVINCIAL;True;False;32193503.0;2270865224.21;70.54;1309094106.75;40.66;3579959330.96;111.2;2018/2019
SALTA;VIRGINIA;False;False;32193503.0;2270865224.21;70.54;1309094106.75;40.66;3579959330.96;111.2;2018/2019
MISIONES;SUBTOTAL_PROVINCIAL;True;False;33626832.0;1843048268.5;54.81;1046082964.62;31.11;2889131233.12;85.92;2018/2019
MISIONES;BURLEY;False;False;33029403.0;1826127966.68;55.29;1036156876.29;31.37;2862284842.97;86.66;2018/2019
MISIONES;CR. MISIONERO;False;False;597429.0;16920301.82;28.32;9926088.32;16.61;26846390.14;44.94;2018/2019
CATAMARCA;SUBTOTAL_PROVINCIAL;True;False;697798.0;33626796.94;48.19;22248167.56;31.88;55874964.5;80.07;2018/2019
CATAMARCA;BURLEY;False;False;625499.0;29999274.65;47.96;20172676.78;32.25;50171951.43;80.21;2018/2019
CATAMARCA;CR. ARGENTINO;False;False;51174.0;2409370.57;47.08;1391822.82;27.2;3801193.39;74.28;2018/2019
CATAMARCA;CR. MISIONERO;False;False;8235.0;279309.21;33.92;142454.26;17.3;421763.47;51.22;2018/2019
CATAMARCA;VIRGINIA;False;False;12890.0;938842.51;72.83;541213.7;41.99;1480056.21;114.82;2018/2019
CHACO;SUBTOTAL_PROVINCIAL;True;False;1045952.0;37560510.92;35.91;27010417.89;25.82;64570928.81;61.73;2018/2019
CHACO;VIRGINIA;False;False;511380.0;25190218.75;49.26;19864427.08;38.84;45054645.83;88.1;2018/2019
CHACO;CR. CHAQUEÑO;False;False;534572.0;12370292.17;23.14;7145990.81;13.37;19516282.98;36.51;2018/2019
TUCUMAN;SUBTOTAL_PROVINCIAL;True;False;5348013.0;258951137.92;48.42;165408388.72;30.93;424359526.64;79.35;2018/2019
TUCUMAN;VIRGINIA;False;False;9704.0;641885.6;66.15;370030.1;38.13;1011915.7;104.28;2018/2019
TUCUMAN;BURLEY;False;False;5075776.0;246326235.98;48.53;158248538.5;31.18;404574774.48;79.71;2018/2019
TUCUMAN;CR. ARGENTINO;False;False;205374.0;10025167.02;48.81;5791268.01;28.2;15816435.03;77.01;2018/2019
TUCUMAN;CR. MISIONERO;False;False;57159.0;1957849.32;34.25;998552.1;17.47;2956401.42;51.72;2018/2019
CORRIENTES;SUBTOTAL_PROVINCIAL;True;False;737227.0;23374940.34;31.71;13502833.52;18.32;36877773.86;50.02;2018/2019
CORRIENTES;CR. CORRENTINO;False;False;737227.0;23374940.34;31.71;13502833.52;18.32;36877773.86;50.02;2018/2019
CORRIENTES;VIRGINIA;False;False;66427717.0;4453467111.85;;2572645653.76;;7026112765.61;;2018/2019
CORRIENTES;BURLEY;False;False;38730678.0;2102453477.31;;1214578091.58;;3317031568.89;;2018/2019
CORRIENTES;CR. MISIONERO;False;False;662823.0;19157460.35;;11067094.68;;30224555.03;;2018/2019
CORRIENTES;CR. CHAQUEÑO;False;False;534572.0;12370292.17;;7145990.81;;19516282.98;;2018/2019
CORRIENTES;CR. ARGENTINO;False;False;256548.0;12434537.59;;7183090.83;;19617628.42;;2018/2019
TOTAL_NACIONAL;TOTAL_NACIONAL;False;True;112856642.0;10387464235.03;92.04;5245865048.52;46.48;15633329283.55;138.52;2019/2020
JUJUY;SUBTOTAL_PROVINCIAL;True;False;35311358.0;3451398539.49;97.74;1743262619.74;49.37;5194661159.23;147.11;2019/2020
JUJUY;VIRGINIA;False;False;35311358.0;3451398539.49;97.74;1743262619.74;49.37;5194661159.23;147.11;2019/2020
SALTA;SUBTOTAL_PROVINCIAL;True;False;34954608.0;3518217186.3;100.65;1776555574.39;50.82;5294772760.69;151.48;2019/2020
SALTA;VIRGINIA;False;False;34954608.0;3518217186.3;100.65;1776555574.39;50.82;5294772760.69;151.48;2019/2020
MISIONES;SUBTOTAL_PROVINCIAL;True;False;30629196.0;2679050998.35;87.47;1272824918.13;41.56;3951875916.48;129.02;2019/2020
MISIONES;BURLEY;False;False;29569696.0;2632421241.68;89.02;1249324114.94;42.25;3881745356.62;131.27;2019/2020
MISIONES;CR. MISIONERO;False;False;1049401.0;45458910.61;43.32;22957951.36;21.88;68416861.97;65.2;2019/2020
MISIONES;VIRGINIA;False;False;10099.0;1170846.06;115.94;542851.83;53.75;1713697.89;169.69;2019/2020
CATAMARCA;SUBTOTAL_PROVINCIAL;True;False;908506.0;55507222.61;61.1;38445579.19;42.32;93952801.8;103.41;2019/2020
CATAMARCA;BURLEY;False;False;812895.0;48860269.4;60.11;35088748.74;43.17;83949018.14;103.27;2019/2020
CATAMARCA;CR. ARGENTINO;False;False;95611.0;6646953.21;69.52;3356830.45;35.11;10003783.66;104.63;2019/2020
CHACO;SUBTOTAL_PROVINCIAL;True;False;694060.0;43887612.36;63.23;22177741.27;31.95;66065353.63;95.19;2019/2020
CHACO;VIRGINIA;False;False;291822.0;30087257.65;103.1;15208402.29;52.12;45295659.94;155.22;2019/2020
CHACO;CR. CHAQUEÑO;False;False;402238.0;13800354.71;34.31;6969338.98;17.33;20769693.69;51.64;2019/2020
TUCUMAN;SUBTOTAL_PROVINCIAL;True;False;8307752.0;546314661.01;65.76;345587897.46;41.6;891902558.47;107.36;2019/2020
TUCUMAN;VIRGINIA;False;False;71166.0;7078019.04;99.46;3573826.58;50.22;10651845.62;149.68;2019/2020
TUCUMAN;BURLEY;False;False;7987963.0;521855171.0;65.33;333236152.85;41.72;855091323.85;107.05;2019/2020
TUCUMAN;CR. ARGENTINO;False;False;248623.0;17381470.97;69.91;8777918.03;35.31;26159389.0;105.22;2019/2020
CORRIENTES;SUBTOTAL_PROVINCIAL;True;False;2051162.0;93088014.91;45.38;47010718.34;22.92;140098733.25;68.3;2019/2020
CORRIENTES;CR. CORRENTINO;False;False;2051162.0;93088014.91;45.38;47010718.34;22.92;140098733.25;68.3;2019/2020
CORRIENTES;VIRGINIA;False;False;70639053.0;7007951848.54;;3539143274.83;;10547095123.37;;2019/2020
CORRIENTES;BURLEY;False;False;38370554.0;3203136682.08;;1617649016.53;;4820785698.61;;2019/2020
CORRIENTES;CR. MISIONERO;False;False;1049401.0;45458910.61;;22957951.36;;68416861.97;;2019/2020
CORRIENTES;CR. CHAQUEÑO;False;False;402238.0;13800354.71;;6969338.98;;20769693.69;;2019/2020
CORRIENTES;CR. ARGENTINO;False;False;344234.0;24028424.18;;12134748.48;;36163172.66;;2019/2020
TOTAL_NACIONAL;TOTAL_NACIONAL;False;True;97886412.0;13604915184.04;138.99;7933477431.27;81.05;21538392615.31;220.03;2020/2021
JUJUY;SUBTOTAL_PROVINCIAL;True;False;28729078.0;4036748575.92;140.51;2353869820.98;81.93;6390618396.9;222.44;2020/2021
JUJUY;VIRGINIA;False;False;28729078.0;4036748575.92;140.51;2353869820.98;81.93;6390618396.9;222.44;2020/2021
SALTA;SUBTOTAL_PROVINCIAL;True;False;37480969.0;5814652608.02;155.14;3390577953.44;90.46;9205230561.46;245.6;2020/2021
SALTA;VIRGINIA;False;False;37480969.0;5814652608.02;155.14;3390577953.44;90.46;9205230561.46;245.6;2020/2021
MISIONES;SUBTOTAL_PROVINCIAL;True;False;24283689.0;3122612749.81;128.59;1739361448.11;71.63;4861974197.92;200.22;2020/2021
MISIONES;BURLEY;False;False;23895127.0;3096964868.58;129.61;1724409212.05;72.17;4821374080.63;201.77;2020/2021
MISIONES;CR. MISIONERO;False;False;375157.0;23284623.34;62.07;13574190.53;36.18;36858813.87;98.25;2020/2021
MISIONES;VIRGINIA;False;False;13405.0;2363257.89;176.3;1378045.53;102.8;3741303.42;279.1;2020/2021
CATAMARCA;SUBTOTAL_PROVINCIAL;True;False;296135.0;25621455.36;86.52;20173687.44;68.12;45795142.8;154.64;2020/2021
CATAMARCA;BURLEY;False;False;244837.0;20239607.22;82.67;17034665.74;69.58;37274272.96;152.24;2020/2021
CATAMARCA;CR. ARGENTINO;False;False;51298.0;5381848.14;104.91;3139021.7;61.19;8520869.84;166.11;2020/2021
CHACO;SUBTOTAL_PROVINCIAL;True;False;407342.0;30979331.26;76.05;18288439.35;44.9;49267770.61;120.95;2020/2021
CHACO;VIRGINIA;False;False;128268.0;19069319.58;148.67;11346603.05;88.46;30415922.63;237.13;2020/2021
CHACO;CR. CHAQUEÑO;False;False;279074.0;11910011.68;42.68;6941836.3;24.87;18851847.98;67.55;2020/2021
TUCUMAN;SUBTOTAL_PROVINCIAL;True;False;5046859.0;467981727.36;92.73;349205852.03;69.19;817187579.39;161.92;2020/2021
TUCUMAN;VIRGINIA;False;False;17382.0;2574406.7;148.11;1501135.14;86.36;4075541.84;234.47;2020/2021
TUCUMAN;BURLEY;False;False;4827933.0;443870856.06;91.94;335143400.95;69.42;779014257.01;161.36;2020/2021
TUCUMAN;CR. ARGENTINO;False;False;201544.0;21536464.6;106.86;12561315.94;62.33;34097780.54;169.18;2020/2021
CORRIENTES;SUBTOTAL_PROVINCIAL;True;False;1642340.0;106318736.31;64.74;62000229.92;37.75;168318966.23;102.49;2020/2021
CORRIENTES;CR. CORRENTINO;False;False;1642340.0;106318736.31;64.74;62000229.92;37.75;168318966.23;102.49;2020/2021
CORRIENTES;VIRGINIA;False;False;66369102.0;9875408168.11;;5758673558.15;;15634081726.26;;2020/2021
CORRIENTES;BURLEY;False;False;28967897.0;3561075331.86;;2076587278.73;;5637662610.59;;2020/2021
CORRIENTES;CR. MISIONERO;False;False;375157.0;23284623.34;;13574190.53;;36858813.87;;2020/2021
CORRIENTES;CR. CHAQUEÑO;False;False;279074.0;11910011.68;;6941836.3;;18851847.98;;2020/2021
CORRIENTES;CR. ARGENTINO;False;False;252842.0;26918312.74;;15700337.64;;42618650.38;;2020/2021
TOTAL_NACIONAL;TOTAL_NACIONAL;False;True;91610387.0;19605969166.86;214.01;11325909837.45;123.63;30931879004.31;337.65;2021/2022
JUJUY;SUBTOTAL_PROVINCIAL;True;False;30558443.0;6972300599.38;228.16;4027734276.99;131.8;11000034876.37;359.97;2021/2022
JUJUY;VIRGINIA;False;False;30558443.0;6972300599.38;228.16;4027734276.99;131.8;11000034876.37;359.97;2021/2022
SALTA;SUBTOTAL_PROVINCIAL;True;False;33063450.0;7657035452.8;231.59;4423292101.73;133.78;12080327554.53;365.37;2021/2022
SALTA;VIRGINIA;False;False;33063450.0;7657035452.8;231.59;4423292101.73;133.78;12080327554.53;365.37;2021/2022
MISIONES;SUBTOTAL_PROVINCIAL;True;False;19206306.0;3747102634.14;195.1;1986553841.99;103.43;5733656476.13;298.53;2021/2022
MISIONES;BURLEY;False;False;18957718.0;3719966508.45;196.22;1970877918.75;103.96;5690844427.2;300.19;2021/2022
MISIONES;CR. MISIONERO;False;False;230372.0;22218489.07;96.45;12835126.43;55.71;35053615.5;152.16;2021/2022
MISIONES;VIRGINIA;False;False;18216.0;4917636.62;269.96;2840796.81;155.95;7758433.43;425.91;2021/2022
CATAMARCA;SUBTOTAL_PROVINCIAL;True;False;533696.0;70255569.68;131.64;60085934.4;112.58;130341504.08;244.22;2021/2022
CATAMARCA;BURLEY;False;False;497144.0;64728115.63;130.2;56892854.23;114.44;121620969.86;244.64;2021/2022
CATAMARCA;CR. ARGENTINO;False;False;36552.0;5527454.05;151.22;3193080.17;87.36;8720534.22;238.58;2021/2022
CHACO;SUBTOTAL_PROVINCIAL;True;False;464761.0;57136911.0;122.94;33002914.33;71.01;90139825.33;193.95;2021/2022
CHACO;VIRGINIA;False;False;196345.0;43424575.37;221.16;25081758.68;127.74;68506334.05;348.91;2021/2022
CHACO;CR. CHAQUEÑO;False;False;268416.0;13712335.63;51.09;7921155.65;29.51;21633491.28;80.6;2021/2022
TUCUMAN;SUBTOTAL_PROVINCIAL;True;False;6413547.0;935404134.5;145.85;698922797.18;108.98;1634326931.68;254.82;2021/2022
TUCUMAN;VIRGINIA;False;False;9051.0;2028105.38;224.08;1171518.11;129.44;3199623.49;353.51;2021/2022
TUCUMAN;BURLEY;False;False;6184619.0;899750544.38;145.48;678326616.42;109.68;1578077160.8;255.16;2021/2022
TUCUMAN;CR. ARGENTINO;False;False;219877.0;33625484.74;152.93;19424662.65;88.34;53050147.39;241.27;2021/2022
CORRIENTES;SUBTOTAL_PROVINCIAL;True;False;1370184.0;166733865.36;121.69;96317970.83;70.3;263051836.19;191.98;2021/2022
CORRIENTES;CR. CORRENTINO;False;False;1370184.0;166733865.36;121.69;96317970.83;70.3;263051836.19;191.98;2021/2022
CORRIENTES;VIRGINIA;False;False;63845505.0;14679706369.55;;8480120452.32;;23159826821.87;;2021/2022
CORRIENTES;BURLEY;False;False;25639481.0;4684445168.46;;2706097389.4;;7390542557.86;;2021/2022
CORRIENTES;CR. MISIONERO;False;False;230372.0;22218489.07;;12835126.43;;35053615.5;;2021/2022
CORRIENTES;CR. CHAQUEÑO;False;False;268416.0;13712335.63;;7921155.65;;21633491.28;;2021/2022
CORRIENTES;CR. ARGENTINO;False;False;256429.0;39152938.79;;22617742.83;;61770681.62;;2021/2022
TOTAL_NACIONAL;TOTAL_NACIONAL;False;True;87408882.0;44920826792.08;513.92;20161741016.81;230.66;65082567808.89;744.58;2022/2023
JUJUY;SUBTOTAL_PROVINCIAL;True;False;28071094.0;15042340291.74;535.87;6749010313.55;240.43;21791350605.29;776.29;2022/2023
JUJUY;VIRGINIA;False;False;28071094.0;15042340291.74;535.87;6749010313.55;240.43;21791350605.29;776.29;2022/2023
SALTA;SUBTOTAL_PROVINCIAL;True;False;33126813.0;17023668732.97;513.89;7637967431.27;230.57;24661636164.24;744.46;2022/2023
SALTA;VIRGINIA;False;False;33126813.0;17023668732.97;513.89;7637967431.27;230.57;24661636164.24;744.46;2022/2023
MISIONES;SUBTOTAL_PROVINCIAL;True;False;18342512.0;9538178123.88;520.0;4076230925.7;222.23;13614409049.58;742.23;2022/2023
MISIONES;BURLEY;False;False;18165495.0;9479368400.0;521.83;4050649364.52;222.99;13530017764.52;744.82;2022/2023
MISIONES;CR. MISIONERO;False;False;158750.0;46239271.92;291.27;20753534.79;130.73;66992806.71;422.0;2022/2023
MISIONES;VIRGINIA;False;False;18267.0;12570451.96;688.15;4828026.39;264.3;17398478.35;952.45;2022/2023
CATAMARCA;SUBTOTAL_PROVINCIAL;True;False;621567.0;265063815.2;426.44;135588566.25;218.14;400652381.45;644.58;2022/2023
CATAMARCA;BURLEY;False;False;590784.0;255465143.78;432.42;131280555.96;222.21;386745699.74;654.63;2022/2023
CATAMARCA;CR. ARGENTINO;False;False;30783.0;9598671.42;311.82;4308010.29;139.95;13906681.71;451.76;2022/2023
CHACO;SUBTOTAL_PROVINCIAL;True;False;309650.0;87957799.53;284.06;45564345.88;147.15;133522145.41;431.2;2022/2023
CHACO;VIRGINIA;False;False;156707.0;61373580.43;391.65;33632765.94;214.62;95006346.37;606.27;2022/2023
CHACO;CR. CHAQUEÑO;False;False;152943.0;26584219.1;173.82;11931579.94;78.01;38515799.04;251.83;2022/2023
TUCUMAN;SUBTOTAL_PROVINCIAL;True;False;5950828.0;2499964050.38;420.1;1313477481.5;220.72;3813441531.88;640.83;2022/2023
TUCUMAN;BURLEY;False;False;5746078.0;2436000901.33;423.94;1284769829.35;223.59;3720770730.68;647.53;2022/2023
TUCUMAN;CR. ARGENTINO;False;False;203913.0;63564252.9;311.72;28528478.12;139.91;92092731.02;451.63;2022/2023
TUCUMAN;VIRGINIA;False;False;837.0;398896.15;476.58;179174.03;214.07;578070.18;690.65;2022/2023
CORRIENTES;SUBTOTAL_PROVINCIAL;True;False;986418.0;463653978.38;470.04;203901952.66;206.71;667555931.04;676.75;2022/2023
CORRIENTES;BURLEY;False;False;56380.0;38559284.48;683.92;13099338.49;232.34;51658622.97;916.26;2022/2023
CORRIENTES;CR. CORRENTINO;False;False;929027.0;424491981.9;456.92;190517220.0;205.07;615009201.89;661.99;2022/2023
CORRIENTES;VIRGINIA;False;False;1011.0;602712.0;596.15;285394.17;282.29;888106.17;878.44;2022/2023
TOTAL_NACIONAL;TOTAL_NACIONAL;False;True;80786235.0;193055733663.75;2389.71;68632089416.89;849.55;261687823080.64;3239.26;2023/2024
JUJUY;SUBTOTAL_PROVINCIAL;True;False;28840827.0;69717346534.2;2417.31;24782771074.65;859.29;94500117608.85;3276.61;2023/2024
JUJUY;VIRGINIA;False;False;28840827.0;69717346534.2;2417.31;24782771074.65;859.29;94500117608.85;3276.61;2023/2024
SALTA;SUBTOTAL_PROVINCIAL;True;False;30804553.0;72615288553.27;2357.29;25813343366.75;837.97;98428631920.02;3195.26;2023/2024
SALTA;VIRGINIA;False;False;30804553.0;72615288553.27;2357.29;25813343366.75;837.97;98428631920.02;3195.26;2023/2024
MISIONES;SUBTOTAL_PROVINCIAL;True;False;13244655.0;32083679007.28;2422.39;11580305104.25;874.34;43663984111.53;3296.72;2023/2024
MISIONES;BURLEY;False;False;13218417.0;32019085600.0;2422.31;11557473608.84;874.35;43576559208.84;3296.65;2023/2024
MISIONES;CR. MISIONERO;False;False;23363.0;56355788.0;2412.18;20040781.4;857.8;76396569.4;3269.98;2023/2024
MISIONES;VIRGINIA;False;False;2875.0;8237619.28;2865.26;2790714.01;970.68;11028333.29;3835.94;2023/2024
CATAMARCA;SUBTOTAL_PROVINCIAL;True;False;698396.0;1744577175.89;2497.98;574611617.14;822.76;2319188793.03;3320.74;2023/2024
CATAMARCA;BURLEY;False;False;685031.0;1710904415.89;2497.56;562639954.98;821.34;2273544370.87;3318.89;2023/2024
CATAMARCA;CR. ARGENTINO;False;False;13365.0;33672760.0;2519.47;11971662.16;895.75;45644422.16;3415.22;2023/2024
CHACO;SUBTOTAL_PROVINCIAL;True;False;309752.0;508152800.16;1640.51;183490331.0;592.38;691643131.16;2232.89;2023/2024
CHACO;VIRGINIA;False;False;134143.0;271848719.16;2026.56;99483454.48;741.62;371332173.64;2768.18;2023/2024
CHACO;CR. CHAQUEÑO;False;False;175609.0;236304081.0;1345.63;84006876.52;478.37;320310957.52;1824.0;2023/2024
TUCUMAN;SUBTOTAL_PROVINCIAL;True;False;6314325.0;15216349715.23;2409.81;5279069204.92;836.05;20495418920.15;3245.86;2023/2024
TUCUMAN;VIRGINIA;False;False;17473.0;38695454.7;2214.59;14621489.82;836.8;53316944.52;3051.39;2023/2024
TUCUMAN;BURLEY;False;False;6240401.0;15030639370.53;2408.6;5212179497.25;835.23;20242818867.78;3243.83;2023/2024
TUCUMAN;CR. ARGENTINO;False;False;56451.0;147014890.0;2604.29;52268217.85;925.9;199283107.85;3530.2;2023/2024
CORRIENTES;SUBTOTAL_PROVINCIAL;True;False;573727.0;1170339877.72;2039.89;418498718.18;729.44;1588838595.9;2769.33;2023/2024
CORRIENTES;BURLEY;False;False;65942.0;152996371.65;2320.17;56764873.95;860.83;209761245.6;3181.0;2023/2024
CORRIENTES;VIRGINIA;False;False;240.0;449400.0;1872.5;180198.22;750.83;629598.22;2623.33;2023/2024
CORRIENTES;CR. CORRENTINO;False;False;507545.0;1016894106.07;2003.55;361553646.01;712.36;1378447752.08;2715.91;2023/2024
TOTAL_NACIONAL;TOTAL_NACIONAL;False;True;119643868.0;355304769168.96;2969.69;105404687149.35;880.99;460709456318.31;3850.67;2024/2025
JUJUY;SUBTOTAL_PROVINCIAL;True;False;34255518.0;106680452404.02;3114.26;31642731160.65;923.73;138323183564.67;4037.98;2024/2025
JUJUY;VIRGINIA;False;False;34255518.0;106680452404.02;3114.26;31642731160.65;923.73;138323183564.67;4037.98;2024/2025
SALTA;SUBTOTAL_PROVINCIAL;True;False;36041686.0;115108858257.66;3193.77;34146053357.43;947.4;149254911615.09;4141.17;2024/2025
SALTA;VIRGINIA;False;False;36041686.0;115108858257.66;3193.77;34146053357.43;947.4;149254911615.09;4141.17;2024/2025
MISIONES;SUBTOTAL_PROVINCIAL;True;False;39559335.0;110174967784.4;2785.06;32676259854.19;826.01;142851227638.59;3611.06;2024/2025
MISIONES;BURLEY;False;False;39375039.0;109725201968.75;2786.67;32540476394.42;826.42;142265678363.17;3613.09;2024/2025
MISIONES;CR. MISIONERO;False;False;174283.0;422038950.0;2421.57;125202461.95;718.39;547241411.95;3139.96;2024/2025
MISIONES;VIRGINIA;False;False;10013.0;27726865.65;2769.09;10580997.82;1056.73;38307863.47;3825.81;2024/2025
CATAMARCA;SUBTOTAL_PROVINCIAL;True;False;798212.0;1949233935.68;2442.0;578071047.04;724.21;2527304982.72;3166.21;2024/2025
CATAMARCA;BURLEY;False;False;796706.0;1944939156.25;2441.23;576796956.53;723.98;2521736112.78;3165.2;2024/2025
CATAMARCA;CR. ARGENTINO;False;False;1506.0;4294779.43;2851.78;1274090.51;846.01;5568869.94;3697.79;2024/2025
CHACO;SUBTOTAL_PROVINCIAL;True;False;440339.0;985410331.95;2237.84;296937138.52;674.34;1282347470.47;2912.18;2024/2025
CHACO;VIRGINIA;False;False;158842.0;460166245.53;2897.01;141116712.21;888.41;601282957.74;3785.42;2024/2025
CHACO;CR. CHAQUEÑO;False;False;281497.0;525244086.42;1865.9;155820426.31;553.54;681064512.73;2419.44;2024/2025
TUCUMAN;SUBTOTAL_PROVINCIAL;True;False;7070025.0;18406105940.25;2603.4;5458590459.79;772.08;23864696400.04;3375.48;2024/2025
TUCUMAN;VIRGINIA;False;False;15799.0;49404124.26;3127.04;14653812.4;927.52;64057936.66;4054.56;2024/2025
TUCUMAN;BURLEY;False;False;6991452.0;18177594406.25;2599.97;5390802568.1;771.06;23568396974.35;3371.03;2024/2025
TUCUMAN;CR. ARGENTINO;False;False;62774.0;179107409.74;2853.21;53134079.29;846.43;232241489.03;3699.64;2024/2025
CORRIENTES;SUBTOTAL_PROVINCIAL;True;False;1478753.0;1999740515.0;1352.32;606044131.73;409.83;2605784646.73;1762.15;2024/2025
CORRIENTES;BURLEY;False;False;32075.0;50473051.0;1573.59;27515482.0;857.85;77988533.0;2431.44;2024/2025
CORRIENTES;VIRGINIA;False;False;890.0;2399908.0;2696.53;967848.21;1087.47;3367756.21;3784.0;2024/2025
CORRIENTES;CR. CORRENTINO;False;False;1445788.0;1946867556.0;1346.58;577560801.52;399.48;2524428357.52;1746.06;2024/2025
