campana;provincia;tipo_tabaco;razon_social;es_subtotal_empresa;volumen_acopio_kg;valor_acopio_pesos;precio_promedio_empresa;pagina_origen
2018/2019;CATAMARCA;BURLEY;ALLIANCE ONE TUC.;False;134.445;5695719.3;42364.68;14
2018/2019;CATAMARCA;BURLEY;CAPUL;False;30.227;1691632.0;55964.27;14
2018/2019;CATAMARCA;BURLEY;CICAT;False;79.414;4095385.05;51570.06;14
2018/2019;CATAMARCA;BURLEY;COOPERATIVA TUCUMAN;False;108.869;5900520.03;54198.35;14
2018/2019;CATAMARCA;BURLEY;CORREA;False;49.343;1391198.02;28194.44;14
2018/2019;CATAMARCA;BURLEY;HERNANDEZ HNOS SRL;False;3.106;125162.96;40297.15;14
2018/2019;CATAMARCA;BURLEY;MASSALIN JUJUY;False;117.329;5318420.39;45329.12;14
2018/2019;CATAMARCA;BURLEY;PDM SRL;False;102.766;5781236.9;56256.32;14
2018/2019;CATAMARCA;CR. ARGENTINO;ALLIANCE ONE TUC;False;51.174;2409371.0;47081.94;14
2018/2019;CATAMARCA;CR. MISIONERO;MASSALIN JUJUY;False;8.235;279.309;33.92;14
2018/2019;CATAMARCA;VIRGINIA;COOPERATIVA DE TUCUMAN;False;12.89;938.843;72.83;14
2018/2019;CHACO;CR. CHAQUEÑO;ADRIANA SEGOVIA;False;328606.0;7631431.2;23.22;14
2018/2019;CHACO;CR. CHAQUEÑO;AQUINO;False;79331.0;1828609.44;23.05;14
2018/2019;CHACO;CR. CHAQUEÑO;COOPERATIVA CHACO;False;75168.0;1659573.01;22.08;14
2018/2019;CHACO;CR. CHAQUEÑO;JUAN RAMON MENDEZ;False;51467.0;1250678.52;24.3;14
2018/2019;CHACO;VIRGINIA;COOPERATIVA DEL CHACO;False;500732.0;24790619.25;49.51;14
2018/2019;CHACO;VIRGINIA;SEGOVIA;False;10648.0;399599.5;37.53;14
2018/2019;CORRIENTES;CR. CORRENTINO;ALLIANCE ONE  GOYA;False;322.96;10605382.34;32838.07;14
2018/2019;CORRIENTES;CR. CORRENTINO;COOPERATIVA CORRIENTES;False;414.267;12769558.0;30824.46;14
2018/2019;JUJUY;VIRGINIA;ACOPIADORA S.A.;False;1808817.0;78831591.31;43.58;14
2018/2019;JUJUY;VIRGINIA;ALLIANCE ONE JUJUY;False;7889809.0;526436038.16;66.72;14
2018/2019;JUJUY;VIRGINIA;ALLIANCE SALTA;False;189126.0;10330067.53;54.62;14
2018/2019;JUJUY;VIRGINIA;COOP. JUJUY;False;10931453.0;654173822.09;59.84;14
2018/2019;JUJUY;VIRGINIA;COOP. SALTA;False;982594.0;74923588.89;76.25;14
2018/2019;JUJUY;VIRGINIA;CRECER SRL;False;1684706.0;132528231.76;78.67;14
2018/2019;JUJUY;VIRGINIA;MASSALIN JUJUY;False;5676613.0;363191657.74;63.98;14
2018/2019;JUJUY;VIRGINIA;TABES S.A.;False;1941604.0;91491766.0;47.12;14
2018/2019;MISIONES;BURLEY;ALLIANCE MISIONES;False;2329138.0;128721646.65;55.27;14
2018/2019;MISIONES;BURLEY;BONPLAND LEAF;False;2599897.0;144967498.95;55.76;14
2018/2019;MISIONES;BURLEY;CIMA;False;1554396.0;80863203.06;52.02;14
2018/2019;MISIONES;BURLEY;COOPERATIVA MISIONES;False;13849101.0;777225871.08;56.12;14
2018/2019;MISIONES;BURLEY;COOPERATIVA SAN VICENTE;False;2142556.0;109041809.28;50.89;14
2018/2019;MISIONES;BURLEY;MASSALIN MISIONES;False;10554315.0;585307937.66;55.46;14
2018/2019;MISIONES;CR. MISIONERO;1.277.575,59;False;;16920301.82;;14
2018/2019;MISIONES;CR. MISIONERO;44.016,00;False;597429.0;;;14
2018/2019;MISIONES;CR. MISIONERO;ALLIANCE ONE MISIONES;False;272920.0;7652676.96;28.04;14
2018/2019;MISIONES;CR. MISIONERO;BONPLAND LEAF;False;192066.0;5378922.72;28.01;14
2018/2019;MISIONES;CR. MISIONERO;COTAVI;False;132443.0;3888702.14;29.36;14
2018/2019;SALTA;VIRGINIA;ACOPIADORA;False;183110.0;4463605.26;24.38;14
2018/2019;SALTA;VIRGINIA;ALLIANCE SALTA;False;6673009.0;466089227.48;69.85;14
2018/2019;SALTA;VIRGINIA;COOPERATIVA JUJUY;False;23468.0;1213073.08;51.69;14
2018/2019;SALTA;VIRGINIA;COOPERATIVA SALTA;False;20317808.0;1494856927.57;73.57;14
2018/2019;SALTA;VIRGINIA;CRECER SRL;False;14202.0;847068.9;59.64;14
2018/2019;SALTA;VIRGINIA;CTIA SALTA;False;61650.0;5361061.68;86.96;14
2018/2019;SALTA;VIRGINIA;MASSALIN SALTA;False;4205231.0;272238794.61;64.74;14
2018/2019;SALTA;VIRGINIA;TABES;False;715025.0;25795465.63;36.08;14
2018/2019;TUCUMAN;BURLEY;ALLIANCE ONE TUCUMAN;False;550667.0;22486179.59;40.83;14
2018/2019;TUCUMAN;BURLEY;CAPUL;False;57564.0;3180450.0;55.25;14
2018/2019;TUCUMAN;BURLEY;CICAT;False;194557.0;10907120.57;56.06;14
2018/2019;TUCUMAN;BURLEY;COOP. TUCUMAN;False;1704501.0;90583552.34;53.14;14
2018/2019;TUCUMAN;BURLEY;CORREA;False;107794.0;2975725.57;27.61;14
2018/2019;TUCUMAN;BURLEY;MASSALIN  JUJUY;False;1894180.0;84456053.14;44.59;14
2018/2019;TUCUMAN;BURLEY;PDM SRL;False;566513.0;31737154.77;56.02;14
2018/2019;TUCUMAN;CR. ARGENTINO;ALLIANCE ONE TUC;False;205.374;10025167.0;48814.2;14
2018/2019;TUCUMAN;CR. MISIONERO;MASSALIN JUJUY;False;57159.0;1957849.32;34.25;14
2018/2019;TUCUMAN;VIRGINIA;COOPERATIVA DE TUCUMAN;False;9704.0;641885.6;66.15;14
2019/2020;CATAMARCA;BURLEY;ALEJANDRO RODRIGUEZ;False;166.639;8383520.92;50309.48;14
2019/2020;CATAMARCA;BURLEY;ALLIANCE ONE TUC.;False;205.369;11219491.65;54630.89;14
2019/2020;CATAMARCA;BURLEY;CAPUL;False;65.278;3850719.0;58989.54;14
2019/2020;CATAMARCA;BURLEY;CICAT;False;110.646;6073248.41;54889.0;14
2019/2020;CATAMARCA;BURLEY;COOPERATIVA TUCUMAN;False;123.726;9469240.92;76533.96;14
2019/2020;CATAMARCA;BURLEY;HERNANDEZ HNOS SRL;False;5.15;360702.62;70039.34;14
2019/2020;CATAMARCA;BURLEY;MASSALIN JUJUY;False;22.043;1418543.23;64353.46;14
2019/2020;CATAMARCA;BURLEY;MASSALIN SALTA;False;57.877;3757338.84;64919.38;14
2019/2020;CATAMARCA;BURLEY;PDM SRL;False;56.167;4327463.81;77046.38;14
2019/2020;CATAMARCA;CR. ARGENTINO;ALLIANCE ONE TUC;False;95.611;6646953.21;69520.8;14
2019/2020;CHACO;CR. CHAQUEÑO;ADRIANA SEGOVIA;False;46709.0;1555415.05;33.3;14
2019/2020;CHACO;CR. CHAQUEÑO;AQUINO;False;32840.0;1102116.4;33.56;14
2019/2020;CHACO;CR. CHAQUEÑO;CANTERO;False;38256.0;1309734.65;34.24;14
2019/2020;CHACO;CR. CHAQUEÑO;COOP. DE CHACO;False;32161.0;1351148.74;42.01;14
2019/2020;CHACO;CR. CHAQUEÑO;ESPINDOLA;False;66522.0;2260305.6;33.98;14
2019/2020;CHACO;CR. CHAQUEÑO;FERMIN SEGOVIA;False;103417.0;3471857.9;33.57;14
2019/2020;CHACO;CR. CHAQUEÑO;JUAN RAMON MENDEZ;False;35999.0;1221619.32;33.93;14
2019/2020;CHACO;CR. CHAQUEÑO;MONTAÑEZ;False;46334.0;1528157.05;32.98;14
2019/2020;CHACO;VIRGINIA;CANTERO;False;461.0;21312.0;46.23;14
2019/2020;CHACO;VIRGINIA;COOPERATIVA DEL CHACO;False;291361.0;30065945.65;103.19;14
2019/2020;CORRIENTES;CR. CORRENTINO;ALLIANCE ONE  GOYA;False;933.608;42059479.92;45050.47;14
2019/2020;CORRIENTES;CR. CORRENTINO;COOPERATIVA CORRIENTES;False;1117554.0;51028534.99;45.66;14
2019/2020;JUJUY;VIRGINIA;ACOPIADORA S.A.;False;2105621.0;163650039.45;77.72;14
2019/2020;JUJUY;VIRGINIA;ALLIANCE ONE JUJUY;False;9233259.0;925041430.45;100.19;14
2019/2020;JUJUY;VIRGINIA;COOP. JUJUY;False;14936934.0;1499565679.35;100.39;14
2019/2020;JUJUY;VIRGINIA;COOP. SALTA;False;334483.0;35436030.74;105.94;14
2019/2020;JUJUY;VIRGINIA;CRECER SRL;False;1368126.0;158991869.28;116.21;14
2019/2020;JUJUY;VIRGINIA;MASSALIN JUJUY;False;4819360.0;458043026.65;95.04;14
2019/2020;JUJUY;VIRGINIA;MONTECARLO;False;14080.0;795509.43;56.5;14
2019/2020;JUJUY;VIRGINIA;TABES S.A.;False;2499495.0;209874954.14;83.97;14
2019/2020;MISIONES;BURLEY;ALLIANCE MISIONES;False;2335391.0;199554427.82;85.45;14
2019/2020;MISIONES;BURLEY;BONPLAND LEAF;False;2048553.0;180131402.12;87.93;14
2019/2020;MISIONES;BURLEY;CIMA;False;951.257;80837470.06;84979.63;14
2019/2020;MISIONES;BURLEY;COOPERATIVA MISIONES;False;11445406.0;1035490266.38;90.47;14
2019/2020;MISIONES;BURLEY;COOPERATIVA SAN VICENTE;False;1993126.0;176904982.32;88.76;14
2019/2020;MISIONES;BURLEY;MASSALIN MISIONES;False;10795963.0;959502692.98;88.88;14
2019/2020;MISIONES;CR. MISIONERO;ALLIANCE ONE MISIONES;False;251.868;10574986.28;41986.22;14
2019/2020;MISIONES;CR. MISIONERO;BONPLAND LEAF;False;307.439;12819106.91;41696.42;14
2019/2020;MISIONES;CR. MISIONERO;COTAVI;False;490.094;22064817.42;45021.6;14
2019/2020;MISIONES;VIRGINIA;COTAVI;False;10.099;1170846.06;115936.83;14
2019/2020;SALTA;VIRGINIA;ACOPIADORA;False;574.742;20202429.89;35150.43;14
2019/2020;SALTA;VIRGINIA;ALLIANCE SALTA;False;8522180.0;860476347.4;100.97;14
2019/2020;SALTA;VIRGINIA;COOPERATIVA JUJUY;False;36.318;3462565.05;95340.19;14
2019/2020;SALTA;VIRGINIA;COOPERATIVA SALTA;False;21311977.0;2238007231.14;105.01;14
2019/2020;SALTA;VIRGINIA;MASSALIN SALTA;False;3439332.0;327075756.08;95.1;14
2019/2020;SALTA;VIRGINIA;TABES;False;1070059.0;68992856.74;64.48;14
2019/2020;TUCUMAN;BURLEY;ALEJANDRO RODRIGUEZ;False;742237.0;37393618.18;50.38;14
2019/2020;TUCUMAN;BURLEY;ALLIANCE ONE TUCUMAN;False;1526836.0;83985227.74;55.01;14
2019/2020;TUCUMAN;BURLEY;CAPUL;False;243211.0;13634053.0;56.06;14
2019/2020;TUCUMAN;BURLEY;CICAT;False;409074.0;21860386.99;53.44;14
2019/2020;TUCUMAN;BURLEY;COOP. TUCUMAN;False;2545830.0;194563172.33;76.42;14
2019/2020;TUCUMAN;BURLEY;MASSALIN  JUJUY;False;774235.0;49965043.15;64.53;14
2019/2020;TUCUMAN;BURLEY;MASSALIN  SALTA;False;1148480.0;73980052.74;64.42;14
2019/2020;TUCUMAN;BURLEY;PDM SRL;False;598060.0;46473616.87;77.71;14
2019/2020;TUCUMAN;CR. ARGENTINO;ALLIANCE ONE TUC;False;248.623;17381470.97;69910.95;14
2019/2020;TUCUMAN;VIRGINIA;COOPERATIVA DE TUCUMAN;False;71166.0;7078019.04;99.46;14
2020/2021;CATAMARCA;BURLEY;ALLIANCE ONE TUC.;False;160.246;12609049.83;78685.58;14
2020/2021;CATAMARCA;BURLEY;COOPERATIVA TUCUMAN;False;21.513;2322526.91;107959.23;14
2020/2021;CATAMARCA;BURLEY;EMANUEL GOMEZ;False;54.69;4573027.61;83617.25;14
2020/2021;CATAMARCA;BURLEY;HERNANDEZ HNOS SRL;False;8.388;735002.87;87625.52;14
2020/2021;CATAMARCA;CR. ARGENTINO;ALLIANCE ONE TUC;False;51.298;5381848.14;104913.41;14
2020/2021;CHACO;CR. CHAQUEÑO;ADRIANA SEGOVIA;False;10.823;440650.56;40714.27;14
2020/2021;CHACO;CR. CHAQUEÑO;AQUINO;False;47.201;1899287.46;40238.29;14
2020/2021;CHACO;CR. CHAQUEÑO;CANTERO;False;4.0;171581.08;42895.27;14
2020/2021;CHACO;CR. CHAQUEÑO;COOP. DE CHACO;False;14.438;861946.14;59699.83;14
2020/2021;CHACO;CR. CHAQUEÑO;ESPINDOLA;False;53.761;2338695.0;43501.7;14
2020/2021;CHACO;CR. CHAQUEÑO;FERMIN SEGOVIA;False;63.452;2587551.12;40779.66;14
2020/2021;CHACO;CR. CHAQUEÑO;JUAN RAMON MENDEZ;False;43.297;1901949.12;43927.97;14
2020/2021;CHACO;CR. CHAQUEÑO;MONTAÑEZ DAIANA;False;42.102;1708351.2;40576.49;14
2020/2021;CHACO;VIRGINIA;CANTERO;False;3.667;178140.0;48579.22;14
2020/2021;CHACO;VIRGINIA;COOPERATIVA DEL CHACO;False;124.601;18891179.58;151613.39;14
2020/2021;CORRIENTES;CR. CORRENTINO;ALLIANCE ONE  GOYA;False;707.025;44973574.16;63609.6;14
2020/2021;CORRIENTES;CR. CORRENTINO;COOPERATIVA CORRIENTES;False;935.315;61345162.15;65587.7;14
2020/2021;JUJUY;VIRGINIA;ACOPIADORA S.A.;False;2571393.0;246665070.4;95.93;14
2020/2021;JUJUY;VIRGINIA;ALLIANCE ONE JUJUY;False;7431959.0;1083241883.97;145.75;14
2020/2021;JUJUY;VIRGINIA;COOP. JUJUY;False;12082307.0;1752485714.21;145.05;14
2020/2021;JUJUY;VIRGINIA;COOP. SALTA;False;307.225;49582421.91;161387.98;14
2020/2021;JUJUY;VIRGINIA;CRECER SRL;False;699.398;121406516.86;173587.17;14
2020/2021;JUJUY;VIRGINIA;MASSALIN JUJUY;False;4162539.0;594166004.91;142.74;14
2020/2021;JUJUY;VIRGINIA;TABES S.A.;False;1474257.0;189200963.66;128.34;14
2020/2021;MISIONES;BURLEY;68.438;False;23895127.0;;;14
2020/2021;MISIONES;BURLEY;ALLIANCE MISIONES;False;2531892.0;325777381.38;128.67;14
2020/2021;MISIONES;BURLEY;BONPLAND LEAF;False;1793372.0;232724451.78;129.77;14
2020/2021;MISIONES;BURLEY;CIMA;False;1009794.0;129838687.56;128.58;14
2020/2021;MISIONES;BURLEY;COOPERATIVA MISIONES;False;8578893.0;1117057479.48;130.21;14
2020/2021;MISIONES;BURLEY;COOPERATIVA SAN VICENTE;False;1577379.0;204538144.68;129.67;14
2020/2021;MISIONES;BURLEY;MASSALIN MISIONES;False;7994374.0;1033707747.24;129.3;14
2020/2021;MISIONES;BURLEY;PANAMBI;False;409.423;53320976.46;130234.44;14
2020/2021;MISIONES;CR. MISIONERO;ALLIANCE ONE MISIONES;False;78.409;4822524.9;61504.74;14
2020/2021;MISIONES;CR. MISIONERO;BONPLAND LEAF;False;159.104;10101382.28;63489.18;14
2020/2021;MISIONES;CR. MISIONERO;COTAVI;False;137.644;8360716.16;60741.6;14
2020/2021;MISIONES;VIRGINIA;COTAVI;False;13.405;2363257.89;176296.75;14
2020/2021;SALTA;VIRGINIA;ACOPIADORA;False;538.924;29684521.46;55081.09;14
2020/2021;SALTA;VIRGINIA;ALLIANCE SALTA;False;9763237.0;1519515896.19;155.64;14
2020/2021;SALTA;VIRGINIA;COOPERATIVA JUJUY;False;6.996;816843.94;116758.71;14
2020/2021;SALTA;VIRGINIA;COOPERATIVA SALTA;False;21776971.0;3469268319.4;159.31;14
2020/2021;SALTA;VIRGINIA;MASSALIN SALTA;False;4669389.0;692062695.21;148.21;14
2020/2021;SALTA;VIRGINIA;TABES;False;725.452;103304331.82;142399.95;14
2020/2021;TUCUMAN;BURLEY;ALLIANCE ONE TUCUMAN;False;1987462.0;157105254.09;79.05;14
2020/2021;TUCUMAN;BURLEY;COOP. TUCUMAN;False;1885401.0;194934454.95;103.39;14
2020/2021;TUCUMAN;BURLEY;EMANUEL GOMEZ;False;574.882;48620178.13;84574.19;14
2020/2021;TUCUMAN;BURLEY;PDM SRL;False;380.188;43210968.89;113656.85;14
2020/2021;TUCUMAN;CR. ARGENTINO;ALLIANCE ONE TUC;False;201.544;21536464.6;106857.38;14
2020/2021;TUCUMAN;VIRGINIA;COOPERATIVA DE TUCUMAN;False;17.382;2574406.7;148107.62;14
2021/2022;CATAMARCA;TOTAL_PROVINCIA;SUBTOTAL_PROVINCIAL;True;533696.0;70255569.68;131.64;6
2021/2022;CATAMARCA;BURLEY;TOTAL_TIPO;True;497144.0;64728115.63;130.2;6
2021/2022;CATAMARCA;BURLEY;Alliance One Tobacco Argentina Sociedad;False;69520.0;9279998.02;133.49;6
2021/2022;CATAMARCA;BURLEY;Bitancourt Leonardo Agus tín;False;289870.0;37158908.15;128.19;6
2021/2022;CATAMARCA;BURLEY;Cooperativa de Productores  Tabacaleros;False;308.0;47101.6;152.93;6
2021/2022;CATAMARCA;BURLEY;Hernandez Hermanos   S.R.L.;False;63785.0;7961093.04;124.81;6
2021/2022;CATAMARCA;BURLEY;PDM S.R.L.;False;17518.0;3001964.4;171.36;6
2021/2022;CATAMARCA;BURLEY;Reinos o Jonathan David;False;52152.0;6800428.67;130.4;6
2021/2022;CATAMARCA;BURLEY;Tabaco de Catamarca S.A.S.;False;3991.0;478621.75;119.93;6
2021/2022;CATAMARCA;CR. ARGENTINO;TOTAL_TIPO;True;36552.0;5527454.05;151.22;6
2021/2022;CATAMARCA;CR. ARGENTINO;Alliance One Tobacco Argentina Sociedad;False;36552.0;5527454.05;151.22;6
2021/2022;CHACO;TOTAL_PROVINCIA;SUBTOTAL_PROVINCIAL;True;464761.0;57136911.0;122.94;6
2021/2022;CHACO;CR. CHAQUEÑO;TOTAL_TIPO;True;268416.0;13712335.63;51.09;6
2021/2022;CHACO;CR. CHAQUEÑO;Aquino, Julio Rodolfo;False;66668.0;3125706.5;46.88;6
2021/2022;CHACO;CR. CHAQUEÑO;Cantero, Diego Andrés;False;6891.0;317828.1;46.12;6
2021/2022;CHACO;CR. CHAQUEÑO;Cooperativa Tabacalera y Agropecuaria del;False;26059.0;2351380.68;90.23;6
2021/2022;CHACO;CR. CHAQUEÑO;Mendez,  Juan Ramón;False;40644.0;1771902.35;43.6;6
2021/2022;CHACO;CR. CHAQUEÑO;Montañez, Daiana Gis ele;False;20028.0;933329.0;46.6;6
2021/2022;CHACO;CR. CHAQUEÑO;Segovia, Fermín;False;108126.0;5212189.0;48.2;6
2021/2022;CHACO;VIRGINIA;TOTAL_TIPO;True;196345.0;43424575.37;221.16;6
2021/2022;CHACO;VIRGINIA;Cooperativa Tabacalera y Agropecuaria del;False;196345.0;43424575.37;221.16;6
2021/2022;CORRIENTES;TOTAL_PROVINCIA;SUBTOTAL_PROVINCIAL;True;1370184.0;166733865.36;121.69;6
2021/2022;CORRIENTES;CR. CORRENTINO;TOTAL_TIPO;True;1370184.0;166733865.36;121.69;6
2021/2022;CORRIENTES;CR. CORRENTINO;Alliance One Tobacco  Argentina Sociedad;False;523401.0;50628553.87;96.73;6
2021/2022;CORRIENTES;CR. CORRENTINO;Cooperativa de Tabacaleros  y Productores;False;846783.0;116105311.49;137.11;6
2021/2022;JUJUY;TOTAL_PROVINCIA;SUBTOTAL_PROVINCIAL;True;30558443.0;6972300599.38;228.16;6
2021/2022;JUJUY;VIRGINIA;TOTAL_TIPO;True;30558443.0;6972300599.38;228.16;6
2021/2022;JUJUY;VIRGINIA;Acopiadora S.A.;False;1645596.0;249424826.7;151.57;6
2021/2022;JUJUY;VIRGINIA;Alliance One Tobacco Argentina Sociedad;False;51115.0;10872098.72;212.7;6
2021/2022;JUJUY;VIRGINIA;Alliance One Tobacco Argentina Sociedad;False;10329853.0;2417426924.1;234.02;6
2021/2022;JUJUY;VIRGINIA;Cooperativa Agrícola de Tabacaleros  de;False;129978.0;27968285.18;215.18;6
2021/2022;JUJUY;VIRGINIA;Cooperativa de Productores  Tabacaleros  de;False;486365.0;117517484.69;241.62;6
2021/2022;JUJUY;VIRGINIA;Cooperativa de Tabacaleros  de Jujuy LTDA;False;12077672.0;2835537178.51;234.78;6
2021/2022;JUJUY;VIRGINIA;Crecer S.R.L.;False;683532.0;174025719.05;254.6;6
2021/2022;JUJUY;VIRGINIA;Mas s alin Particulares  S.R.L. Jujuy;False;3657592.0;831342091.22;227.29;6
2021/2022;JUJUY;VIRGINIA;Ochoa,  Carlos  Raúl;False;62066.0;12112104.72;195.15;6
2021/2022;JUJUY;VIRGINIA;Tabes  S.A.;False;1434674.0;296073886.49;206.37;6
2021/2022;MISIONES;TOTAL_PROVINCIA;SUBTOTAL_PROVINCIAL;True;19206306.0;3747102634.14;195.1;6
2021/2022;MISIONES;BURLEY;TOTAL_TIPO;True;18957718.0;3719966508.45;196.22;6
2021/2022;MISIONES;BURLEY;Alliance One Tobacco Argentina Sociedad;False;2038595.0;401325051.06;196.86;6
2021/2022;MISIONES;BURLEY;Bonpland Leaf S.A.;False;1430448.0;284957228.07;199.21;6
2021/2022;MISIONES;BURLEY;Comercial Indus trial Mis ionera Argentina;False;770471.0;150971329.17;195.95;6
2021/2022;MISIONES;BURLEY;Cooperativa Agroindus trial de Mis iones;False;7486494.0;1475475558.84;197.08;6
2021/2022;MISIONES;BURLEY;Cooperativa Agropecuaria Panambi LTDA;False;303446.0;59268475.17;195.32;6
2021/2022;MISIONES;BURLEY;Cooperativa Tabacalera San Vicente LTDA;False;1136711.0;228595348.8;201.1;6
2021/2022;MISIONES;BURLEY;Mas s alin Particulares  S.R.L.  Mis iones;False;5791553.0;1119373517.34;193.28;6
2021/2022;MISIONES;CR. MISIONERO;TOTAL_TIPO;True;230372.0;22218489.07;96.45;6
2021/2022;MISIONES;CR. MISIONERO;Alliance One Tobacco Argentina Sociedad;False;67400.0;5956086.08;88.37;6
2021/2022;MISIONES;CR. MISIONERO;Bonpland Leaf S.A.;False;102276.0;10911588.82;106.69;6
2021/2022;MISIONES;CR. MISIONERO;Cooperativa Tabacalera San Vicente LTDA;False;60696.0;5350814.17;88.16;6
2021/2022;MISIONES;VIRGINIA;TOTAL_TIPO;True;18216.0;4917636.62;269.96;6
2021/2022;MISIONES;VIRGINIA;Cooperativa Tabacalera San Vicente LTDA;False;18216.0;4917636.62;269.96;6
2021/2022;SALTA;TOTAL_PROVINCIA;SUBTOTAL_PROVINCIAL;True;33063450.0;7657035452.8;231.59;6
2021/2022;SALTA;VIRGINIA;TOTAL_TIPO;True;33063450.0;7657035452.8;231.59;6
2021/2022;SALTA;VIRGINIA;Acopiadora S.A.;False;443478.0;42855823.8;96.64;6
2021/2022;SALTA;VIRGINIA;Alliance One Tobacco Argentina Sociedad;False;8527505.0;1939415864.9;227.43;6
2021/2022;SALTA;VIRGINIA;Cooperativa Agrícola de Tabacaleros  de;False;3999.0;654945.62;163.78;6
2021/2022;SALTA;VIRGINIA;Cooperativa de Productores  Tabacaleros  de;False;19689117.0;4703869180.4;238.91;6
2021/2022;SALTA;VIRGINIA;Cooperativa de Tabacaleros  de Jujuy LTDA;False;6425.0;1395933.03;217.27;6
2021/2022;SALTA;VIRGINIA;Mas s alin Particulares  S.R.L. Salta;False;4000112.0;890401979.48;222.59;6
2021/2022;SALTA;VIRGINIA;Ochoa,  Carlos  Raúl;False;2227.0;405424.59;182.05;6
2021/2022;SALTA;VIRGINIA;Tabes  S.A.;False;390587.0;78036300.98;199.79;6
2021/2022;TUCUMAN;TOTAL_PROVINCIA;SUBTOTAL_PROVINCIAL;True;6413547.0;935404134.5;145.85;6
2021/2022;TUCUMAN;BURLEY;TOTAL_TIPO;True;6184619.0;899750544.38;145.48;6
2021/2022;TUCUMAN;BURLEY;Alliance One Tobacco Argentina Sociedad;False;1882166.0;255350129.2;135.67;6
2021/2022;TUCUMAN;BURLEY;Bitancourt Leonardo Agus tín;False;1318414.0;167968886.82;127.4;6
2021/2022;TUCUMAN;BURLEY;Cooperativa de Productores  Tabacaleros;False;1361982.0;237361751.79;174.28;6
2021/2022;TUCUMAN;BURLEY;Hernandez Hermanos   S.R.L.;False;236303.0;30340188.72;128.4;6
2021/2022;TUCUMAN;BURLEY;PDM S.R.L.;False;748001.0;127629748.78;170.63;6
2021/2022;TUCUMAN;BURLEY;Reinos o Jonathan David;False;482515.0;62173867.92;128.85;6
2021/2022;TUCUMAN;BURLEY;Tabaco de Catamarca S.A.S.;False;155238.0;18925971.15;121.92;6
2021/2022;TUCUMAN;CR. ARGENTINO;TOTAL_TIPO;True;219877.0;33625484.74;152.93;6
2021/2022;TUCUMAN;CR. ARGENTINO;Alliance One Tobacco Argentina Sociedad;False;219877.0;33625484.74;152.93;6
2021/2022;TUCUMAN;VIRGINIA;TOTAL_TIPO;True;9051.0;2028105.38;224.08;6
2021/2022;TUCUMAN;VIRGINIA;Cooperativa de Productores  Tabacaleros;False;9051.0;2028105.38;224.08;6
2021/2022;TOTAL_NACIONAL;TOTAL_NACIONAL;TOTAL_GENERAL;True;91610387.0;19605969166.86;214.01;6
2022/2023;CATAMARCA;TOTAL_PROVINCIA;SUBTOTAL_PROVINCIAL;True;621567.0;265063815.2;426.44;7
2022/2023;CATAMARCA;BURLEY;TOTAL_TIPO;True;590784.0;255465143.78;432.42;7
2022/2023;CATAMARCA;BURLEY;Alliance One Tobacco Argentina Sociedad Anónima (Alberdi);False;137910.0;47973723.66;347.86;7
2022/2023;CATAMARCA;BURLEY;Comercial Industrial Misionera Argentina S.A. (CIMA S.A);False;52245.0;26277668.75;502.97;7
2022/2023;CATAMARCA;BURLEY;Cooperativa de Productores Tabacaleros del Tucumán LTDA (COPAT).;False;12463.0;5708312.39;458.02;7
2022/2023;CATAMARCA;BURLEY;Emprendimiento Río Grande S.R.L.;False;5137.0;1778911.46;346.29;7
2022/2023;CATAMARCA;BURLEY;Hernandez Hermanos  S.R.L.;False;355869.0;161319237.74;453.31;7
2022/2023;CATAMARCA;BURLEY;PDM S.R.L.;False;27160.0;12407289.78;456.82;7
2022/2023;CATAMARCA;CR. ARGENTINO;TOTAL_TIPO;True;30783.0;9598671.42;311.82;7
2022/2023;CATAMARCA;CR. ARGENTINO;Alliance One Tobacco Argentina Sociedad Anónima (Alberdi);False;30783.0;9598671.42;311.82;7
2022/2023;CHACO;TOTAL_PROVINCIA;SUBTOTAL_PROVINCIAL;True;309650.0;87957799.53;284.06;7
2022/2023;CHACO;CR. CHAQUEÑO;TOTAL_TIPO;True;152943.0;26584219.1;173.82;7
2022/2023;CHACO;CR. CHAQUEÑO;Aquino, Julio Rodolfo;False;33239.0;4902478.4;147.49;7
2022/2023;CHACO;CR. CHAQUEÑO;Cooperativa Tabacalera y Agropecuaria del Chaco Ltda.;False;5580.0;4458921.5;799.09;7
2022/2023;CHACO;CR. CHAQUEÑO;Espíndola, Néstor Fabian;False;13962.0;2174660.8;155.76;7
2022/2023;CHACO;CR. CHAQUEÑO;Mendez,  Juan Ramón;False;21069.0;3045267.2;144.54;7
2022/2023;CHACO;CR. CHAQUEÑO;Schenfeld, Alicia Noemí;False;9854.0;1433304.0;145.45;7
2022/2023;CHACO;CR. CHAQUEÑO;Segovia,  Adriana Elodia;False;69239.0;10569587.2;152.65;7
2022/2023;CHACO;VIRGINIA;TOTAL_TIPO;True;156707.0;61373580.43;391.65;7
2022/2023;CHACO;VIRGINIA;Cooperativa Tabacalera y Agropecuaria del Chaco Ltda.;False;153921.0;60640237.21;393.97;7
2022/2023;CHACO;VIRGINIA;Espíndola, Néstor Fabian;False;2786.0;733343.22;263.22;7
2022/2023;CORRIENTES;TOTAL_PROVINCIA;SUBTOTAL_PROVINCIAL;True;986418.0;463653978.38;470.04;7
2022/2023;CORRIENTES;BURLEY;TOTAL_TIPO;True;56380.0;38559284.48;683.92;7
2022/2023;CORRIENTES;BURLEY;Cooperativa de Tabacaleros y Productores de Corrientes LTDA;False;55916.0;38206644.48;683.29;7
2022/2023;CORRIENTES;BURLEY;Manufactura de Tabaco Los Asturianos;False;464.0;352640.0;760.0;7
2022/2023;CORRIENTES;CR. CORRENTINO;TOTAL_TIPO;True;929027.0;424491981.9;456.92;7
2022/2023;CORRIENTES;CR. CORRENTINO;Alliance One Tobacco Argentina Sociedad Anónima (Corrientes);False;181310.0;60122209.7;331.6;7
2022/2023;CORRIENTES;CR. CORRENTINO;Cooperativa Agropecuaria Buena Vista LTDA.;False;238328.0;118626815.0;497.75;7
2022/2023;CORRIENTES;CR. CORRENTINO;Cooperativa Agropecuaria El Sauce LTDA;False;11960.0;5792995.0;484.36;7
2022/2023;CORRIENTES;CR. CORRENTINO;Cooperativa de Tabacaleros y Productores de Corrientes LTDA;False;494366.0;238476602.2;482.39;7
2022/2023;CORRIENTES;CR. CORRENTINO;Manufactura de Tabaco Los Asturianos;False;3063.0;1473360.0;481.02;7
2022/2023;CORRIENTES;VIRGINIA;TOTAL_TIPO;True;1011.0;602712.0;596.15;7
2022/2023;CORRIENTES;VIRGINIA;Manufactura de Tabaco Los Asturianos;False;1011.0;602712.0;596.15;7
2022/2023;JUJUY;TOTAL_PROVINCIA;SUBTOTAL_PROVINCIAL;True;28071094.0;15042340291.74;535.87;7
2022/2023;JUJUY;VIRGINIA;TOTAL_TIPO;True;28071094.0;15042340291.74;535.87;7
2022/2023;JUJUY;VIRGINIA;Acopiadora S.A.;False;804717.0;356749476.59;443.32;7
2022/2023;JUJUY;VIRGINIA;Alliance One Tobacco Argentina Sociedad Anónima (Jujuy);False;9229735.0;5082476311.98;550.66;7
2022/2023;JUJUY;VIRGINIA;Cooperativa Agrícola de Tabacaleros de Jujuy NORTE-TAB LTDA;False;261527.0;131295556.64;502.03;7
2022/2023;JUJUY;VIRGINIA;Cooperativa de Productores Tabacaleros de Salta LTDA. (COPROTAB);False;438476.0;234174857.75;534.07;7
2022/2023;JUJUY;VIRGINIA;Cooperativa de Tabacaleros de Jujuy LTDA (CTJ);False;10126002.0;5415766168.43;534.84;7
2022/2023;JUJUY;VIRGINIA;Crecer S.R.L.;False;1704874.0;939615223.21;551.13;7
2022/2023;JUJUY;VIRGINIA;Massalin Particulares S.R.L. Jujuy;False;3943786.0;2059348043.98;522.18;7
2022/2023;JUJUY;VIRGINIA;Ochoa, Carlos Raúl;False;32374.0;16231587.19;501.38;7
2022/2023;JUJUY;VIRGINIA;Tabes S.A.;False;1529603.0;806683065.97;527.38;7
2022/2023;MISIONES;TOTAL_PROVINCIA;SUBTOTAL_PROVINCIAL;True;18342512.0;9538178123.88;520.0;7
2022/2023;MISIONES;BURLEY;TOTAL_TIPO;True;18165495.0;9479368400.0;521.83;7
2022/2023;MISIONES;BURLEY;Alliance One Tobacco Argentina Sociedad Anónima (Misiones);False;1813766.0;941805850.0;519.25;7
2022/2023;MISIONES;BURLEY;Bonpland Leaf S.A.;False;1333594.0;700982056.25;525.63;7
2022/2023;MISIONES;BURLEY;Comercial Industrial Misionera Argentina S.A. (CIMA S.A);False;1091749.0;569052531.25;521.23;7
2022/2023;MISIONES;BURLEY;Cooperativa Agroindustrial de Misiones LTDA (CTM);False;7118994.0;3740432168.75;525.42;7
2022/2023;MISIONES;BURLEY;Cooperativa Agropecuaria Panambi LTDA;False;318107.0;165119250.0;519.07;7
2022/2023;MISIONES;BURLEY;Cooperativa Tabacalera San Vicente LTDA (COTAVI);False;1204064.0;636806100.0;528.88;7
2022/2023;MISIONES;BURLEY;Massalin Particulares S.R.L. Misiones;False;5285221.0;2725170443.75;515.62;7
2022/2023;MISIONES;CR. MISIONERO;TOTAL_TIPO;True;158750.0;46239271.92;291.27;7
2022/2023;MISIONES;CR. MISIONERO;Alliance One Tobacco Argentina Sociedad Anónima (Misiones);False;39821.0;9980325.32;250.63;7
2022/2023;MISIONES;CR. MISIONERO;Bonpland Leaf S.A.;False;78690.0;25258503.1;320.99;7
2022/2023;MISIONES;CR. MISIONERO;Cooperativa Tabacalera San Vicente LTDA (COTAVI);False;40239.0;11000443.5;273.38;7
2022/2023;MISIONES;VIRGINIA;TOTAL_TIPO;True;18267.0;12570451.96;688.15;7
2022/2023;MISIONES;VIRGINIA;Cooperativa Tabacalera San Vicente LTDA (COTAVI);False;18267.0;12570451.96;688.15;7
2022/2023;SALTA;TOTAL_PROVINCIA;SUBTOTAL_PROVINCIAL;True;33126813.0;17023668732.97;513.89;7
2022/2023;SALTA;VIRGINIA;TOTAL_TIPO;True;33126813.0;17023668732.97;513.89;7
2022/2023;SALTA;VIRGINIA;Acopiadora S.A.;False;378593.0;103921049.59;274.49;7
2022/2023;SALTA;VIRGINIA;Alliance One Tobacco Argentina Sociedad Anónima (Salta);False;7495337.0;3812869508.93;508.7;7
2022/2023;SALTA;VIRGINIA;Cooperativa Agrícola de Tabacaleros de Jujuy NORTE-TAB LTDA;False;15178.0;6118919.13;403.14;7
2022/2023;SALTA;VIRGINIA;Cooperativa de Productores Tabacaleros de Salta LTDA. (COPROTAB);False;19953237.0;10534697703.54;527.97;7
2022/2023;SALTA;VIRGINIA;Cooperativa de Tabacaleros de Jujuy LTDA (CTJ);False;5037.0;2336882.93;463.94;7
2022/2023;SALTA;VIRGINIA;Massalin Particulares S.R.L. Salta;False;5044112.0;2460530976.17;487.8;7
2022/2023;SALTA;VIRGINIA;Tabes S.A.;False;235319.0;103193692.68;438.53;7
2022/2023;TUCUMAN;TOTAL_PROVINCIA;SUBTOTAL_PROVINCIAL;True;5950828.0;2499964050.38;420.1;7
2022/2023;TUCUMAN;BURLEY;TOTAL_TIPO;True;5746078.0;2436000901.33;423.94;7
2022/2023;TUCUMAN;BURLEY;Alliance One Tobacco Argentina Sociedad Anónima (Alberdi);False;1729321.0;599425977.83;346.63;7
2022/2023;TUCUMAN;BURLEY;Comercial Industrial Misionera Argentina S.A. (CIMA S.A);False;232774.0;117773700.0;505.96;7
2022/2023;TUCUMAN;BURLEY;Cooperativa Agrícola de Tabacaleros de Jujuy NORTE-TAB LTDA;False;114460.0;65548062.5;572.67;7
2022/2023;TUCUMAN;BURLEY;Cooperativa de Productores Tabacaleros del Tucumán LTDA (COPAT).;False;2005794.0;914644188.54;456.0;7
2022/2023;TUCUMAN;BURLEY;Crecer S.R.L.;False;340811.0;122299004.41;358.85;7
2022/2023;TUCUMAN;BURLEY;Emprendimiento Río Grande S.R.L.;False;192344.0;92865485.58;482.81;7
2022/2023;TUCUMAN;BURLEY;Hernandez Hermanos  S.R.L.;False;181276.0;82397376.56;454.54;7
2022/2023;TUCUMAN;BURLEY;PDM S.R.L.;False;930849.0;431022368.41;463.04;7
2022/2023;TUCUMAN;BURLEY;Tabes S.A.;False;18449.0;10024737.5;543.38;7
2022/2023;TUCUMAN;CR. ARGENTINO;TOTAL_TIPO;True;203913.0;63564252.9;311.72;7
2022/2023;TUCUMAN;CR. ARGENTINO;Alliance One Tobacco Argentina Sociedad Anónima (Alberdi);False;203913.0;63564252.9;311.72;7
2022/2023;TUCUMAN;VIRGINIA;TOTAL_TIPO;True;837.0;398896.15;476.58;7
2022/2023;TUCUMAN;VIRGINIA;Cooperativa de Productores Tabacaleros del Tucumán LTDA (COPAT).;False;837.0;398896.15;476.58;7
2022/2023;TOTAL_NACIONAL;TOTAL_NACIONAL;TOTAL_GENERAL;True;87408882.0;44920826792.08;513.92;7
2023/2024;CATAMARCA;BURLEY;Alliance One Tobacco Argentina Sociedad Anónima (Jujuy);False;26490.0;63935325.0;2413.56;9
2023/2024;CATAMARCA;BURLEY;Comercial Industrial Misionera Argentina S.A. (CIMA S.A);False;79594.0;198943250.0;2499.48;9
2023/2024;CATAMARCA;BURLEY;"Cooperativa Agrícola Tabacalera de Catamarca y Tucumán ""CAT-TUC"" Limitada";False;10283.0;25707500.0;2500.0;9
2023/2024;CATAMARCA;BURLEY;Cooperativa de Productores Tabacaleros del Tucumán LTDA (COPAT);False;6791.0;16241610.23;2391.64;9
2023/2024;CATAMARCA;BURLEY;Hernandez Hermanos  S.R.L.;False;557914.0;1395922668.0;2502.04;9
2023/2024;CATAMARCA;BURLEY;PDM S.R.L.;False;3733.0;9655212.66;2586.45;9
2023/2024;CATAMARCA;BURLEY;Pozyvilko Emanuel;False;226.0;498850.0;2207.3;9
2023/2024;CATAMARCA;BURLEY;TOTAL_TIPO;True;685031.0;1710904415.89;2497.56;9
2023/2024;CATAMARCA;CR. ARGENTINO;Alliance One Tobacco Argentina Sociedad Anónima (Jujuy);False;13365.0;33672760.0;2519.47;9
2023/2024;CATAMARCA;CR. ARGENTINO;TOTAL_TIPO;True;13365.0;33672760.0;2519.47;9
2023/2024;CHACO;VIRGINIA;Cooperativa Tabacalera y Agropecuaria del Chaco Ltda.;False;127462.0;262544290.96;2059.78;10
2023/2024;CHACO;VIRGINIA;Segovia, Fermín;False;6681.0;9304428.2;1392.67;10
2023/2024;CHACO;VIRGINIA;TOTAL_TIPO;True;134143.0;271848719.16;2026.56;10
2023/2024;CHACO;CR. CHAQUEÑO;Aquino, Julio Rodolfo;False;42878.0;52864682.0;1232.91;10
2023/2024;CHACO;CR. CHAQUEÑO;Cooperativa Tabacalera y Agropecuaria del Chaco Ltda.;False;20493.0;45226233.0;2206.91;10
2023/2024;CHACO;CR. CHAQUEÑO;Fernandez, Rubén;False;18087.0;21169343.0;1170.42;10
2023/2024;CHACO;CR. CHAQUEÑO;García, Micaela Belén;False;16894.0;19702215.0;1166.23;10
2023/2024;CHACO;CR. CHAQUEÑO;Segovia, Fermín;False;71444.0;89947897.0;1259.0;10
2023/2024;CHACO;CR. CHAQUEÑO;Silveira, Ramona;False;5813.0;7393711.0;1271.93;10
2023/2024;CHACO;CR. CHAQUEÑO;TOTAL_TIPO;True;175609.0;236304081.0;1345.63;10
2023/2024;CORRIENTES;CR. CORRENTINO;Alliance One Tobacco Argentina Sociedad Anónima (Corrientes);False;137966.0;275724540.0;1998.5;11
2023/2024;CORRIENTES;CR. CORRENTINO;"Cooperativa Agropecuaria ""El Sauce"" LTDA";False;24688.0;49373778.08;1999.91;11
2023/2024;CORRIENTES;CR. CORRENTINO;Cooperativa Agropecuaria Buena Vista LTDA.;False;130374.0;260683468.54;1999.51;11
2023/2024;CORRIENTES;CR. CORRENTINO;Cooperativa de Tabacaleros y Productores Agropecuarios de Corrientes LTDA.;False;184411.0;368607331.45;1998.84;11
2023/2024;CORRIENTES;CR. CORRENTINO;Manufactura de Tabaco Los Asturianos;False;30106.0;62504988.0;2076.16;11
2023/2024;CORRIENTES;CR. CORRENTINO;TOTAL_TIPO;True;507545.0;1016894106.07;2003.55;11
2023/2024;CORRIENTES;VIRGINIA;Manufactura de Tabaco Los Asturianos;False;240.0;449400.0;1872.5;11
2023/2024;CORRIENTES;VIRGINIA;TOTAL_TIPO;True;240.0;449400.0;1872.5;11
2023/2024;CORRIENTES;BURLEY;"Cooperativa Agropecuaria ""El Sauce"" LTDA";False;1916.0;4652814.4;2428.4;11
2023/2024;CORRIENTES;BURLEY;Cooperativa Agropecuaria Buena Vista LTDA.;False;15601.0;35852594.8;2298.1;11
2023/2024;CORRIENTES;BURLEY;Cooperativa de Tabacaleros y Productores Agropecuarios de Corrientes LTDA.;False;45087.0;104253362.45;2312.27;11
2023/2024;CORRIENTES;BURLEY;Manufactura de Tabaco Los Asturianos;False;3338.0;8237600.0;2467.83;11
2023/2024;CORRIENTES;BURLEY;TOTAL_TIPO;True;65942.0;152996371.65;2320.17;11
2023/2024;JUJUY;VIRGINIA;Acopiadora S.A.;False;819591.0;1712595024.0;2089.57;12
2023/2024;JUJUY;VIRGINIA;Alliance One Tobacco Argentina Sociedad Anónima (Jujuy);False;8123882.0;20080590463.2;2471.8;12
2023/2024;JUJUY;VIRGINIA;Alliance One Tobacco Argentina Sociedad Anónima (Salta);False;14413.0;18498269.4;1283.44;12
2023/2024;JUJUY;VIRGINIA;Buen Moro S.R.L.;False;16307.0;36268725.0;2224.12;12
2023/2024;JUJUY;VIRGINIA;Cooperativa Agrícola de Tabacaleros de Jujuy NORTE-TAB LTDA;False;47802.0;116979014.4;2447.16;12
2023/2024;JUJUY;VIRGINIA;Cooperativa de Productores Tabacaleros de Salta LTDA. (COPROTAB);False;643170.0;1561271793.6;2427.46;12
2023/2024;JUJUY;VIRGINIA;Cooperativa de Tabacaleros de Jujuy LTDA (CTJ);False;9353931.0;22544858912.4;2410.2;12
2023/2024;JUJUY;VIRGINIA;Crecer S.R.L.;False;1994702.0;5053348773.0;2533.39;12
2023/2024;JUJUY;VIRGINIA;Massalin Particulares S.R.L. Jujuy;False;4617905.0;10815363658.8;2342.05;12
2023/2024;JUJUY;VIRGINIA;Ochoa,  Carlos Raúl (Montecarlo);False;39820.0;93737702.4;2354.04;12
2023/2024;JUJUY;VIRGINIA;PDM S.R.L.;False;14586.0;34176510.6;2343.1;12
2023/2024;JUJUY;VIRGINIA;Tabes S.A.;False;3154718.0;7649657687.4;2424.83;12
2023/2024;JUJUY;VIRGINIA;TOTAL_TIPO;True;28840827.0;69717346534.2;2417.31;12
2023/2024;MISIONES;VIRGINIA;Cooperativa Tabacalera San Vicente LTDA (COTAVI);False;2875.0;8237619.28;2865.26;13
2023/2024;MISIONES;VIRGINIA;TOTAL_TIPO;True;2875.0;8237619.28;2865.26;13
2023/2024;MISIONES;CR. MISIONERO;Bonpland Leaf S.A.;False;19480.0;46786000.0;2401.75;13
2023/2024;MISIONES;CR. MISIONERO;Cooperativa Tabacalera San Vicente LTDA (COTAVI);False;3883.0;9569788.0;2464.53;13
2023/2024;MISIONES;CR. MISIONERO;TOTAL_TIPO;True;23363.0;56355788.0;2412.18;13
2023/2024;MISIONES;BURLEY;Cooperativa Agropecuaria Taruma Limitada;False;286349.0;669654400.0;2338.6;13
2023/2024;MISIONES;BURLEY;Alliance One Tobacco Argentina Sociedad Anónima (Misiones);False;1073464.0;2567745050.0;2392.02;13
2023/2024;MISIONES;BURLEY;Bonpland Leaf S.A.;False;964422.0;2367267650.0;2454.6;13
2023/2024;MISIONES;BURLEY;Comercial Industrial Misionera Argentina S.A. (CIMA S.A);False;976867.0;2409395375.0;2466.45;13
2023/2024;MISIONES;BURLEY;Cooperativa Agroindustrial de Misiones LTDA (CTM);False;4470629.0;10950434025.0;2449.42;13
2023/2024;MISIONES;BURLEY;Cooperativa Agropecuaria Panambi LTDA;False;162591.0;394022400.0;2423.4;13
2023/2024;MISIONES;BURLEY;Cooperativa Tabacalera San Vicente LTDA (COTAVI);False;588776.0;1454592775.0;2470.54;13
2023/2024;MISIONES;BURLEY;Massalin Particulares S.R.L. Misiones;False;3792605.0;8984680550.0;2369.0;13
2023/2024;MISIONES;BURLEY;Tabacalera J.I.;False;902714.0;2221293375.0;2460.68;13
2023/2024;MISIONES;BURLEY;TOTAL_TIPO;True;13218417.0;32019085600.0;2422.31;13
2023/2024;SALTA;VIRGINIA;Acopiadora S.A.;False;593282.0;995079610.2;1677.25;14
2023/2024;SALTA;VIRGINIA;Alliance One Tobacco Argentina Sociedad Anónima (Jujuy);False;207111.0;504944349.6;2438.04;14
2023/2024;SALTA;VIRGINIA;Alliance One Tobacco Argentina Sociedad Anónima (Salta);False;6539747.0;15334177624.8;2344.77;14
2023/2024;SALTA;VIRGINIA;Cooperativa de Productores Tabacaleros de Salta LTDA. (COPROTAB);False;17779525.0;42769725267.67;2405.56;14
2023/2024;SALTA;VIRGINIA;Cooperativa de Tabacaleros de Jujuy LTDA (CTJ);False;2177.0;5278476.0;2424.66;14
2023/2024;SALTA;VIRGINIA;Massalin Particulares S.R.L. Salta;False;5373848.0;12325586853.6;2293.62;14
2023/2024;SALTA;VIRGINIA;Ochoa,  Carlos Raúl (Montecarlo);False;1232.0;2761372.2;2241.37;14
2023/2024;SALTA;VIRGINIA;Tabes S.A.;False;307631.0;677734999.2;2203.08;14
2023/2024;SALTA;VIRGINIA;TOTAL_TIPO;True;30804553.0;72615288553.27;2357.29;14
2023/2024;TUCUMAN;VIRGINIA;Cooperativa de Productores Tabacaleros del Tucumán LTDA (COPAT).;False;17473.0;38695454.7;2214.59;15
2023/2024;TUCUMAN;VIRGINIA;TOTAL_TIPO;True;17473.0;38695454.7;2214.59;15
2023/2024;TUCUMAN;BURLEY;Alliance One Tobacco Argentina Sociedad Anónima (Jujuy);False;618604.0;1500341675.0;2425.37;15
2023/2024;TUCUMAN;BURLEY;Argentab S.R.L.;False;252045.0;582461376.01;2310.94;15
2023/2024;TUCUMAN;BURLEY;Comercial Industrial Misionera Argentina S.A. (CIMA S.A);False;678516.0;1657765050.0;2443.22;15
2023/2024;TUCUMAN;BURLEY;"Cooperativa    De Provisión  De Servicios ""Los Arroyos""";False;411143.0;1076971735.0;2619.46;15
2023/2024;TUCUMAN;BURLEY;Cooperativa Agrícola de Tabacaleros de Jujuy NORTE-TAB LTDA;False;16325.0;38899975.0;2382.85;15
2023/2024;TUCUMAN;BURLEY;"Cooperativa Agrícola Tabacalera de Catamarca y Tucumán ""CAT-TUC"" Limitada";False;158426.0;396065000.0;2500.0;15
2023/2024;TUCUMAN;BURLEY;Cooperativa Agropecuaria Buena Vista LTDA;False;93925.0;243675597.18;2594.36;15
2023/2024;TUCUMAN;BURLEY;Cooperativa de Productores Tabacaleros del Tucumán LTDA (COPAT).;False;1236558.0;3000468380.0;2426.47;15
2023/2024;TUCUMAN;BURLEY;Crecer S.R.L.;False;226252.0;402873920.2;1780.64;15
2023/2024;TUCUMAN;BURLEY;Emprendimiento Río Grande S.R.L.;False;113926.0;265391250.0;2329.51;15
2023/2024;TUCUMAN;BURLEY;Hernandez Hermanos  S.R.L.;False;252254.0;629407688.0;2495.13;15
2023/2024;TUCUMAN;BURLEY;Luis Fernando Umana;False;58633.0;155400828.0;2650.4;15
2023/2024;TUCUMAN;BURLEY;PDM S.R.L.;False;646382.0;1574941257.62;2436.55;15
2023/2024;TUCUMAN;BURLEY;Pozyvilko Emanuel;False;966651.0;2268996213.52;2347.28;15
2023/2024;TUCUMAN;BURLEY;Tabaco San Miguel S.A.S;False;95280.0;224460525.0;2355.8;15
2023/2024;TUCUMAN;BURLEY;Tabes S.A.;False;415481.0;1012518900.0;2436.98;15
2023/2024;TUCUMAN;BURLEY;TOTAL_TIPO;True;6240401.0;15030639370.53;2408.6;15
2023/2024;TUCUMAN;CR. ARGENTINO;Alliance One Tobacco Argentina Sociedad Anónima (Jujuy);False;56451.0;147014890.0;2604.29;15
2023/2024;TUCUMAN;CR. ARGENTINO;TOTAL_TIPO;True;56451.0;147014890.0;2604.29;15
2024/2025;CATAMARCA;BURLEY;Alliance One Tobacco Argentina Sociedad Anónima (Alberdi);False;258732.0;563078687.5;2176.3;9
2024/2025;CATAMARCA;BURLEY;"Cooperativa Agrícola Tabacalera de Catamarca y Tucumán ""CAT-TUC"" Limitada";False;17883.0;50181687.5;2806.11;9
2024/2025;CATAMARCA;BURLEY;Cooperativa de Productores Tabacaleros del Tucumán LTDA. (COPAT);False;13222.0;34885343.75;2638.43;9
2024/2025;CATAMARCA;BURLEY;Cooperativa Tabacalera San Vicente LTDA (COTAVI);False;57917.0;152120468.75;2626.53;9
2024/2025;CATAMARCA;BURLEY;Gestionar SRL;False;17732.0;43273656.25;2440.43;9
2024/2025;CATAMARCA;BURLEY;Hernandez Hermanos S.R.L.;False;339816.0;871467343.75;2564.53;9
2024/2025;CATAMARCA;BURLEY;Tabes S.A.;False;91404.0;229931968.75;2515.56;9
2024/2025;CATAMARCA;BURLEY;TOTAL_TIPO;True;796706.0;1944939156.25;2441.23;9
2024/2025;CATAMARCA;CRIOLLO ARGENTINO;Alliance One Tobacco Argentina Sociedad Anónima (Alberdi);False;1506.0;4294779.43;2851.78;9
2024/2025;CATAMARCA;CRIOLLO ARGENTINO;TOTAL_TIPO;True;1506.0;4294779.43;2851.78;9
2024/2025;CHACO;VIRGINIA;Cooperativa Tabacalera y Agropecuaria del Chaco Ltda.;False;158842.0;460166245.53;2897.01;10
2024/2025;CHACO;VIRGINIA;TOTAL_TIPO;True;158842.0;460166245.53;2897.01;10
2024/2025;CHACO;CRIOLLO CHAQUEÑO;Aquino Julio Rodolfo;False;46829.0;87091660.0;1859.78;10
2024/2025;CHACO;CRIOLLO CHAQUEÑO;Cooperativa Tabacalera y Agropecuaria del Chaco Ltda.;False;105909.0;193068726.42;1822.97;10
2024/2025;CHACO;CRIOLLO CHAQUEÑO;Fernandez, Rubén Omar;False;24586.0;45131500.0;1835.66;10
2024/2025;CHACO;CRIOLLO CHAQUEÑO;Fernandez, Vicente;False;19345.0;35784640.0;1849.81;10
2024/2025;CHACO;CRIOLLO CHAQUEÑO;García, Micaela Belén;False;14643.0;27281240.0;1863.09;10
2024/2025;CHACO;CRIOLLO CHAQUEÑO;Mendez, Yolanda;False;20568.0;39807940.0;1935.43;10
2024/2025;CHACO;CRIOLLO CHAQUEÑO;Segovia, Eladio Ezequiel;False;49617.0;97078380.0;1956.55;10
2024/2025;CHACO;CRIOLLO CHAQUEÑO;TOTAL_TIPO;True;281497.0;525244086.42;1865.9;10
2024/2025;CORRIENTES;CRIOLLO CORRENTINO;Alliance One Tobacco Argentina Sociedad Anónima (Corrientes);False;299841.0;385210098.0;1284.71;11
2024/2025;CORRIENTES;CRIOLLO CORRENTINO;Cooperativa Agropecuaria Buena Vista LTDA;False;561336.0;748524308.0;1333.47;11
2024/2025;CORRIENTES;CRIOLLO CORRENTINO;Cooperativa de Tabacaleros y Productores Agropecuarios de Corrientes LTDA;False;571484.0;783474286.0;1370.95;11
2024/2025;CORRIENTES;CRIOLLO CORRENTINO;"Manufactura de Tabaco "" Los Asturianos""";False;13127.0;29658864.0;2259.38;11
2024/2025;CORRIENTES;CRIOLLO CORRENTINO;TOTAL_TIPO;True;1445788.0;1946867556.0;1346.58;11
2024/2025;CORRIENTES;VIRGINIA;"Manufactura de Tabaco "" Los Asturianos""";False;890.0;2399908.0;2696.53;11
2024/2025;CORRIENTES;VIRGINIA;TOTAL_TIPO;True;890.0;2399908.0;2696.53;11
2024/2025;CORRIENTES;BURLEY;Cooperativa Agropecuaria Buena Vista LTDA;False;13237.0;20166726.0;1523.51;11
2024/2025;CORRIENTES;BURLEY;Cooperativa de Tabacaleros y Productores Agropecuarios de Corrientes LTDA;False;18838.0;30306325.0;1608.79;11
2024/2025;CORRIENTES;BURLEY;TOTAL_TIPO;True;32075.0;50473051.0;1573.59;11
2024/2025;JUJUY;VIRGINIA;Acopiadora S.A.;False;1525446.0;3724018744.86;2441.27;12
2024/2025;JUJUY;VIRGINIA;Alliance One Tobacco Argentina Sociedad Anónima (Jujuy);False;8645984.0;27561886392.78;3187.83;12
2024/2025;JUJUY;VIRGINIA;Alliance One Tobacco Argentina Sociedad Anónima (Salta);False;15592.0;24392819.52;1564.44;12
2024/2025;JUJUY;VIRGINIA;Buen Moro S.R.L.;False;16290.0;32274108.99;1981.22;12
2024/2025;JUJUY;VIRGINIA;Cooperativa de Productores Tabacaleros de Salta LTDA. (COPROTAB);False;912868.0;2970835659.45;3254.4;12
2024/2025;JUJUY;VIRGINIA;Cooperativa de Tabacaleros de Jujuy LTDA (CTJ);False;10707340.0;33034468955.67;3085.22;12
2024/2025;JUJUY;VIRGINIA;Crecer S.R.L.;False;1775466.0;6182776813.95;3482.34;12
2024/2025;JUJUY;VIRGINIA;Massalin Particulares S.R.L. Jujuy;False;5364978.0;16574278508.73;3089.35;12
2024/2025;JUJUY;VIRGINIA;Ochoa, Carlos Raúl;False;37668.0;97675790.1;2593.07;12
2024/2025;JUJUY;VIRGINIA;Tabes S.A.;False;5253886.0;16477844609.97;3136.32;12
2024/2025;JUJUY;VIRGINIA;TOTAL_TIPO;True;34255518.0;106680452404.02;3114.26;12
2024/2025;MISIONES;VIRGINIA;Cooperativa Tabacalera San Vicente LTDA (COTAVI);False;10013.0;27726865.65;2769.09;13
2024/2025;MISIONES;VIRGINIA;TOTAL_TIPO;True;10013.0;27726865.65;2769.09;13
2024/2025;MISIONES;CRIOLLO MISIONERO;Bonpland Leaf S.A.;False;125048.0;305034875.0;2439.34;13
2024/2025;MISIONES;CRIOLLO MISIONERO;Comercial Industrial Misionera Argentina S.A.;False;27528.0;67046000.0;2435.56;13
2024/2025;MISIONES;CRIOLLO MISIONERO;Cooperativa Agropecuaria Taruma Limitada;False;6134.0;12528125.0;2042.41;13
2024/2025;MISIONES;CRIOLLO MISIONERO;Cooperativa Tabacalera San Vicente LTDA (COTAVI);False;15573.0;37429950.0;2403.52;13
2024/2025;MISIONES;CRIOLLO MISIONERO;TOTAL_TIPO;True;174283.0;422038950.0;2421.57;13
2024/2025;MISIONES;BURLEY;Alliance One Tobacco Argentina Sociedad Anónima (Misiones);False;2857061.0;7620633031.25;2667.3;13
2024/2025;MISIONES;BURLEY;Bonpland Leaf S.A.;False;2667479.0;7408950468.75;2777.51;13
2024/2025;MISIONES;BURLEY;Comercial Industrial Misionera Argentina S.A.;False;4421786.0;12268105531.25;2774.47;13
2024/2025;MISIONES;BURLEY;Cooperativa Agroindustrial de Misiones LTDA (CTM);False;12196499.0;34577414281.25;2835.03;13
2024/2025;MISIONES;BURLEY;Cooperativa Agropecuaria Industrial Argentina Ltda.;False;947470.0;2455420500.0;2591.55;13
2024/2025;MISIONES;BURLEY;Cooperativa Agropecuaria Panambí LTDA;False;662471.0;1801990937.5;2720.11;13
2024/2025;MISIONES;BURLEY;Cooperativa Agropecuaria Taruma Limitada;False;577981.0;1519092875.0;2628.27;13
2024/2025;MISIONES;BURLEY;Cooperativa Tabacalera San Vicente LTDA (COTAVI);False;2127328.0;5974761437.5;2808.58;13
2024/2025;MISIONES;BURLEY;Massalin Particulares S.R.L. Misiones;False;10983523.0;30913304937.5;2814.52;13
2024/2025;MISIONES;BURLEY;Tabacalera J.I.;False;778466.0;2067653000.0;2656.06;13
2024/2025;MISIONES;BURLEY;TBC S.R.L.;False;453060.0;1146583937.5;2530.76;13
2024/2025;MISIONES;BURLEY;Nueva Alfader S.A.S.;False;191228.0;544807562.5;2848.99;13
2024/2025;MISIONES;BURLEY;Tabacalera El Negro;False;510687.0;1426483468.75;2793.26;13
2024/2025;MISIONES;BURLEY;TOTAL_TIPO;True;39375039.0;109725201968.75;2786.67;13
2024/2025;SALTA;VIRGINIA;Acopiadora S.A.;False;562307.0;890759956.5;1584.12;14
2024/2025;SALTA;VIRGINIA;Alliance One Tobacco Argentina Sociedad Anónima (Salta);False;7556100.0;24289604097.93;3214.57;14
2024/2025;SALTA;VIRGINIA;Cooperativa de Productores Tabacaleros de Salta LTDA. (COPROTAB);False;21269518.0;69779394920.88;3280.72;14
2024/2025;SALTA;VIRGINIA;Massalin Particulares S.R.L. Salta;False;5983921.0;18201585950.46;3041.75;14
2024/2025;SALTA;VIRGINIA;Ochoa, Carlos Raúl;False;6038.0;14252151.69;2360.41;14
2024/2025;SALTA;VIRGINIA;Tabes S.A.;False;663802.0;1933261180.2;2912.41;14
2024/2025;SALTA;VIRGINIA;TOTAL_TIPO;True;36041686.0;115108858257.66;3193.77;14
2024/2025;TUCUMÁN;VIRIGINIA;Cooperativa de Productores Tabacaleros del Tucumán LTDA. (COPAT);False;15799.0;49404124.26;3127.04;15
2024/2025;TUCUMÁN;VIRIGINIA;TOTAL_TIPO;True;15799.0;49404124.26;3127.04;15
2024/2025;TUCUMÁN;BURLEY;Alliance One Tobacco Argentina Sociedad Anónima (Alberdi);False;1551355.0;3478515156.25;2242.24;15
2024/2025;TUCUMÁN;BURLEY;Castagno Carla;False;950070.0;2642789500.0;2781.68;15
2024/2025;TUCUMÁN;BURLEY;Comercial Industrial Misionera Argentina S.A.;False;51090.0;143516312.5;2809.09;15
2024/2025;TUCUMÁN;BURLEY;"Cooperativa Agrícola Tabacalera de Catamarca y Tucumán ""CAT-TUC"" Limitada";False;145887.0;413135812.5;2831.89;15
2024/2025;TUCUMÁN;BURLEY;Cooperativa de Productores Tabacaleros del Tucumán LTDA. (COPAT);False;1990964.0;5294367156.25;2659.2;15
2024/2025;TUCUMÁN;BURLEY;"Cooperativa de Provisión de Servicios ""Los Arroyos""";False;274757.0;834234500.0;3036.26;15
2024/2025;TUCUMÁN;BURLEY;Crecer S.R.L.;False;335165.0;985510375.0;2940.37;15
2024/2025;TUCUMÁN;BURLEY;Emprendimiento Río Grande S.R.L.;False;88975.0;234264875.0;2632.93;15
2024/2025;TUCUMÁN;BURLEY;Gestionar SRL;False;25418.0;59773656.25;2351.63;15
2024/2025;TUCUMÁN;BURLEY;Hernandez Hermanos S.R.L.;False;98000.0;255927781.25;2611.51;15
2024/2025;TUCUMÁN;BURLEY;Luis Fernando Umana;False;38494.0;101628468.75;2640.11;15
2024/2025;TUCUMÁN;BURLEY;PDM S.R.L.;False;384923.0;1035055500.0;2688.99;15
2024/2025;TUCUMÁN;BURLEY;Tabes S.A.;False;1056354.0;2698875312.5;2554.9;15
2024/2025;TUCUMÁN;BURLEY;TOTAL_TIPO;True;6991452.0;18177594406.25;2599.97;15
2024/2025;TUCUMÁN;CRIOLLO ARGENTINO;Alliance One Tobacco Argentina Sociedad Anónima (Alberdi);False;62774.0;179107409.74;2853.21;15
2024/2025;TUCUMÁN;CRIOLLO ARGENTINO;TOTAL_TIPO;True;62774.0;179107409.74;2853.21;15
