ambito,provincia,campana,tipo_tabaco,es_total,sup_sembrada_ha,sup_cosechada_ha,produccion_kg,rendimiento_kg_ha,precio_acopio_unitario,precio_fet_unitario,precio_total_unitario,moneda,pagina_origen
NACIONAL,NACIONAL,1991/1992,TOTAL,True,80330.0,70836.0,109156757.0,1541.0,,,,PESOS,2
NACIONAL,NACIONAL,1992/1993,TOTAL,True,78126.0,68549.0,112305221.0,1638.0,,,,PESOS,2
NACIONAL,NACIONAL,1993/1994,TOTAL,True,55453.0,49378.0,81957225.0,1660.0,,,,PESOS,2
NACIONAL,NACIONAL,1994/1995,TOTAL,True,58422.0,49833.0,79011471.0,1586.0,,,,PESOS,2
NACIONAL,NACIONAL,1995/1996,TOTAL,True,63198.0,55970.0,98201157.0,1755.0,,,,PESOS,2
NACIONAL,NACIONAL,1996/1997,TOTAL,True,74661.0,69677.0,123205805.0,1768.0,,,,PESOS,2
NACIONAL,NACIONAL,1997/1998,TOTAL,True,84454.0,77001.0,116509702.0,1513.0,,,,PESOS,2
NACIONAL,NACIONAL,1998/1999,TOTAL,True,79015.0,68201.0,113442774.0,1663.0,,,,PESOS,2
NACIONAL,NACIONAL,1999/2000,TOTAL,True,64641.0,59612.0,114509105.0,1921.0,,,,PESOS,2
NACIONAL,NACIONAL,2000/2001,TOTAL,True,59647.0,56829.0,98110172.0,1726.0,,,,PESOS,2
NACIONAL,NACIONAL,2001/2002,TOTAL,True,68308.0,65988.0,132436707.0,2007.0,,,,PESOS,2
NACIONAL,NACIONAL,2002/2003,TOTAL,True,75207.0,65702.0,115837217.0,1763.0,,,,PESOS,2
NACIONAL,NACIONAL,2003/2004,TOTAL,True,83185.0,77587.0,157293811.0,2027.0,,,,PESOS,2
NACIONAL,NACIONAL,2004/2005,TOTAL,True,91559.0,83169.0,161063709.0,1937.0,,,,PESOS,2
NACIONAL,NACIONAL,2005/2006,TOTAL,True,84587.0,78255.0,144344555.0,1845.0,,,,PESOS,2
NACIONAL,NACIONAL,2006/2007,TOTAL,True,81801.0,73267.0,127739507.0,1743.0,,,,PESOS,2
NACIONAL,NACIONAL,2007/2008,TOTAL,True,76435.0,67498.0,130381133.0,1932.0,,,,PESOS,2
NACIONAL,NACIONAL,2008/2009,TOTAL,True,79455.0,74547.0,135531415.0,1818.0,,,,PESOS,2
NACIONAL,NACIONAL,2009/2010,TOTAL,True,78304.0,67674.0,132869988.0,1963.0,,,,PESOS,2
NACIONAL,NACIONAL,2010/2011,TOTAL,True,81936.0,75715.0,135241219.0,1786.0,,,,PESOS,2
NACIONAL,NACIONAL,2011/2012,TOTAL,True,69426.0,63327.0,115333898.0,1821.0,,,,PESOS,2
NACIONAL,NACIONAL,2012/2013,TOTAL,True,68413.0,63146.0,112347708.0,1779.0,,,,PESOS,2
NACIONAL,NACIONAL,2013/2014,TOTAL,True,71288.0,65683.0,127085414.0,1935.0,,,,PESOS,2
NACIONAL,NACIONAL,2014/2015,TOTAL,True,69707.0,55194.0,109105987.0,1977.0,,,,PESOS,2
NACIONAL,NACIONAL,2015/2016,TOTAL,True,56068.0,43815.0,93670867.0,2138.0,,,,PESOS,2
NACIONAL,NACIONAL,2016/2017,TOTAL,True,60571.0,57321.0,117154425.0,2044.0,,,,PESOS,2
NACIONAL,NACIONAL,2017/2018,TOTAL,True,65075.0,56951.0,104093271.0,1828.0,,,,PESOS,2
NACIONAL,NACIONAL,2018/2019,TOTAL,True,66959.0,60643.0,107349565.0,1770.0,,,,PESOS,2
NACIONAL,NACIONAL,2019/2020,TOTAL,True,61643.0,57719.0,112856642.0,1955.0,,,,PESOS,2
NACIONAL,NACIONAL,2020/2021,TOTAL,True,59152.0,54677.0,97886412.0,1790.0,,,,PESOS,2
NACIONAL,NACIONAL,2021/2022,TOTAL,True,59808.0,52076.0,91610387.0,1759.0,,,,PESOS,2
NACIONAL,NACIONAL,2022/2023,TOTAL,True,56857.0,51271.0,87408882.0,1705.0,,,,PESOS,2
NACIONAL,NACIONAL,1991/1992,C. SALTEÑO,False,628.0,569.0,488641.0,859.0,,,,PESOS,4
NACIONAL,NACIONAL,1991/1992,KENTUCKY,False,8.0,7.0,9097.0,1300.0,,,,PESOS,4
NACIONAL,NACIONAL,1991/1992,VIRGINIA,False,39341.0,34831.0,55622239.0,1597.0,,,,PESOS,4
NACIONAL,NACIONAL,1991/1992,BURLEY,False,30560.0,25223.0,42602358.0,1689.0,,,,PESOS,4
NACIONAL,NACIONAL,1991/1992,C. CORRENTINO,False,4600.0,4570.0,3697431.0,809.0,,,,PESOS,4
NACIONAL,NACIONAL,1991/1992,C. MISIONERO,False,914.0,604.0,1054150.0,1745.0,,,,PESOS,4
NACIONAL,NACIONAL,1992/1993,C. SALTEÑO,False,1002.0,915.0,761151.0,832.0,,,,PESOS,4
NACIONAL,NACIONAL,1992/1993,KENTUCKY,False,8.0,6.0,8801.0,1467.0,,,,PESOS,4
NACIONAL,NACIONAL,1992/1993,VIRGINIA,False,41042.0,37231.0,64181330.0,1724.0,,,,PESOS,4
NACIONAL,NACIONAL,1992/1993,BURLEY,False,20511.0,19223.0,31836552.0,1656.0,,,,PESOS,4
NACIONAL,NACIONAL,1992/1993,C. CORRENTINO,False,5100.0,3170.0,4156409.0,1311.0,,,,PESOS,4
NACIONAL,NACIONAL,1992/1993,C. MISIONERO,False,3256.0,3256.0,3296551.0,1012.0,,,,PESOS,4
NACIONAL,NACIONAL,1993/1994,C. SALTEÑO,False,797.0,650.0,909566.0,1399.0,,,,PESOS,4
NACIONAL,NACIONAL,1993/1994,KENTUCKY,False,291.0,291.0,8484.0,29.0,,,,PESOS,4
NACIONAL,NACIONAL,1993/1994,VIRGINIA,False,25776.0,23072.0,41743780.0,1809.0,,,,PESOS,4
NACIONAL,NACIONAL,1993/1994,BURLEY,False,19277.0,14075.0,21912705.0,1557.0,,,,PESOS,4
NACIONAL,NACIONAL,1993/1994,C. CORRENTINO,False,6956.0,6521.0,7746904.0,1188.0,,,,PESOS,4
NACIONAL,NACIONAL,1993/1994,C. MISIONERO,False,4501.0,3979.0,4855014.0,1220.0,,,,PESOS,4
NACIONAL,NACIONAL,1994/1995,C. SALTEÑO,False,1000.0,870.0,1344288.0,1545.0,,,,PESOS,4
NACIONAL,NACIONAL,1994/1995,KENTUCKY,False,3.0,3.0,3414.0,1138.0,,,,PESOS,4
NACIONAL,NACIONAL,1994/1995,VIRGINIA,False,26685.0,24385.0,43149146.0,1769.0,,,,PESOS,4
NACIONAL,NACIONAL,1994/1995,BURLEY,False,20820.0,17432.0,26883273.0,1542.0,,,,PESOS,4
NACIONAL,NACIONAL,1994/1995,C. CORRENTINO,False,6918.0,5734.0,6331555.0,1104.0,,,,PESOS,4
NACIONAL,NACIONAL,1994/1995,C. MISIONERO,False,3764.0,3760.0,4774803.0,1270.0,,,,PESOS,4
NACIONAL,NACIONAL,1995/1996,C. SALTEÑO,False,895.0,800.0,1391414.0,1739.0,,,,PESOS,4
NACIONAL,NACIONAL,1995/1996,KENTUCKY,False,12.0,11.0,10802.0,982.0,,,,PESOS,4
NACIONAL,NACIONAL,1995/1996,VIRGINIA,False,30789.0,28233.0,58809310.0,2083.0,,,,PESOS,4
NACIONAL,NACIONAL,1996/1997,C. SALTEÑO,False,240.0,308.0,422310.0,1371.0,,,,PESOS,5
NACIONAL,NACIONAL,1996/1997,KENTUCKY,False,4.0,4.0,3545.0,1013.0,,,,PESOS,5
NACIONAL,NACIONAL,1996/1997,VIRGINIA,False,40040.0,37710.0,75289544.0,1997.0,,,,PESOS,5
NACIONAL,NACIONAL,1996/1997,BURLEY,False,20314.0,26499.0,28610243.0,1080.0,,,,PESOS,5
NACIONAL,NACIONAL,1996/1997,C. CORRENTINO,False,5900.0,4445.0,3187599.0,717.0,,,,PESOS,5
NACIONAL,NACIONAL,1996/1997,C. MISIONERO,False,3665.0,3260.0,1854729.0,569.0,,,,PESOS,5
NACIONAL,NACIONAL,1997/1998,C. SALTEÑO,False,360.0,306.0,490270.0,1602.0,,,,PESOS,5
NACIONAL,NACIONAL,1997/1998,VIRGINIA,False,45207.0,41931.0,82366861.0,1964.0,,,,PESOS,5
NACIONAL,NACIONAL,1997/1998,BURLEY,False,28090.0,26354.0,40946236.0,1554.0,,,,PESOS,5
NACIONAL,NACIONAL,1997/1998,C. CORRENTINO,False,6200.0,4950.0,7722711.0,1560.0,,,,PESOS,5
NACIONAL,NACIONAL,1997/1998,C. MISIONERO,False,4000.0,3905.0,3166962.0,811.0,,,,PESOS,5
NACIONAL,NACIONAL,1998/1999,C. SALTEÑO,False,350.0,321.0,520599.0,1622.0,,,,PESOS,5
NACIONAL,NACIONAL,1998/1999,VIRGINIA,False,40375.0,32671.0,61086266.0,1870.0,,,,PESOS,5
NACIONAL,NACIONAL,1998/1999,BURLEY,False,23007.0,22624.0,38997019.0,1724.0,,,,PESOS,5
NACIONAL,NACIONAL,1998/1999,C. CORRENTINO,False,5270.0,3450.0,4146711.0,1202.0,,,,PESOS,5
NACIONAL,NACIONAL,1998/1999,C. MISIONERO,False,4296.0,3852.0,3874802.0,1006.0,,,,PESOS,5
NACIONAL,NACIONAL,1999/2000,C. SALTEÑO,False,744.0,730.0,1468413.0,2012.0,,,,PESOS,5
NACIONAL,NACIONAL,1999/2000,VIRGINIA,False,31324.0,28956.0,66022160.0,2280.0,,,,PESOS,5
NACIONAL,NACIONAL,1999/2000,BURLEY,False,24074.0,23724.0,35779851.0,1508.0,,,,PESOS,5
NACIONAL,NACIONAL,1999/2000,C. CORRENTINO,False,4122.0,3933.0,4741112.0,1205.0,,,,PESOS,5
NACIONAL,NACIONAL,1999/2000,C. MISIONERO,False,3119.0,2969.0,1980641.0,667.0,,,,PESOS,5
NACIONAL,NACIONAL,2000/2001,C. SALTEÑO,False,582.0,582.0,1146551.0,1971.0,,,,PESOS,5
NACIONAL,NACIONAL,2000/2001,VIRGINIA,False,27751.0,25621.0,54462017.0,2126.0,,,,PESOS,5
NACIONAL,NACIONAL,2000/2001,BURLEY,False,29769.0,28922.0,50486959.0,1746.0,,,,PESOS,5
NACIONAL,NACIONAL,2000/2001,C. CORRENTINO,False,4616.0,3651.0,4909718.0,1345.0,,,,PESOS,5
NACIONAL,NACIONAL,2000/2001,C. MISIONERO,False,2973.0,2660.0,2297883.0,864.0,,,,PESOS,5
NACIONAL,NACIONAL,2001/2002,C. SALTEÑO,False,654.0,654.0,1680541.0,2570.0,,,,PESOS,5
NACIONAL,NACIONAL,2001/2002,VIRGINIA,False,30296.0,30101.0,73061606.0,2427.0,,,,PESOS,5
NACIONAL,NACIONAL,2002/2003,C. SALTEÑO,False,622.0,603.0,1581751.0,2623.0,,,,PESOS,6
NACIONAL,NACIONAL,2002/2003,VIRGINIA,False,32244.0,29663.0,70282660.0,2369.0,,,,PESOS,6
NACIONAL,NACIONAL,2002/2003,BURLEY,False,35273.0,32359.0,56367211.0,1742.0,,,,PESOS,6
NACIONAL,NACIONAL,2002/2003,C. CORRENTINO,False,5007.0,4415.0,6449637.0,1461.0,,,,PESOS,6
NACIONAL,NACIONAL,2002/2003,C. MISIONERO,False,2425.0,2183.0,1660565.0,761.0,,,,PESOS,6
NACIONAL,NACIONAL,2003/2004,C. SALTEÑO,False,959.0,917.0,1643133.0,1792.0,,,,PESOS,6
NACIONAL,NACIONAL,2003/2004,VIRGINIA,False,39521.0,37713.0,91173265.0,2418.0,,,,PESOS,6
NACIONAL,NACIONAL,2003/2004,BURLEY,False,40881.0,35653.0,60239922.0,1690.0,,,,PESOS,6
NACIONAL,NACIONAL,2003/2004,C. CHAQUEÑO,False,1353.0,994.0,661347.0,665.0,,,,PESOS,6
NACIONAL,NACIONAL,2003/2004,C. CORRENTINO,False,4045.0,3851.0,4619359.0,1200.0,,,,PESOS,6
NACIONAL,NACIONAL,2004/2005,C. MISIONERO,False,2194.0,2010.0,1803441.0,897.0,,,,PESOS,6
NACIONAL,NACIONAL,2004/2005,C. SALTEÑO,False,995.0,961.0,1953689.0,2032.0,,,,PESOS,6
NACIONAL,NACIONAL,2004/2005,VIRGINIA,False,42090.0,39700.0,91785951.0,2312.0,,,,PESOS,6
NACIONAL,NACIONAL,2004/2005,BURLEY,False,33995.0,32359.0,52834965.0,1633.0,,,,PESOS,6
NACIONAL,NACIONAL,2004/2005,C. CHAQUEÑO,False,759.0,394.0,297484.0,755.0,,,,PESOS,6
NACIONAL,NACIONAL,2004/2005,C. CORRENTINO,False,5268.0,4464.0,5354729.0,1200.0,,,,PESOS,6
NACIONAL,NACIONAL,2005/2006,C. MISIONERO,False,2383.0,2223.0,1885628.0,848.0,,,,PESOS,6
NACIONAL,NACIONAL,2005/2006,C. SALTEÑO,False,861.0,851.0,1676048.0,1970.0,,,,PESOS,6
NACIONAL,NACIONAL,2005/2006,VIRGINIA,False,41321.0,37965.0,82295701.0,2168.0,,,,PESOS,6
NACIONAL,NACIONAL,2005/2006,BURLEY,False,30896.0,27565.0,37458035.0,1359.0,,,,PESOS,6
NACIONAL,NACIONAL,2005/2006,C. CHAQUEÑO,False,428.0,246.0,122735.0,499.0,,,,PESOS,6
NACIONAL,NACIONAL,2005/2006,C. CORRENTINO,False,4836.0,4498.0,2079745.0,462.0,,,,PESOS,6
NACIONAL,NACIONAL,2006/2007,C. MISIONERO,False,2188.0,1636.0,1526018.0,933.0,,,,PESOS,6
NACIONAL,NACIONAL,2006/2007,C. SALTEÑO,False,918.0,901.0,1253201.0,1392.0,,,,PESOS,6
NACIONAL,NACIONAL,2006/2007,VIRGINIA,False,42535.0,38422.0,85299773.0,2220.0,,,,PESOS,6
NACIONAL,NACIONAL,2007/2008,C. MISIONERO,False,837.0,492.0,730267.0,1484.0,,,,PESOS,7
NACIONAL,NACIONAL,2007/2008,C. SALTEÑO,False,748.0,738.0,1323511.0,1793.0,,,,PESOS,7
NACIONAL,NACIONAL,2007/2008,VIRGINIA,False,41263.0,37917.0,82654006.0,2180.0,,,,PESOS,7
NACIONAL,NACIONAL,2007/2008,BURLEY,False,34558.0,29989.0,48501101.0,1617.0,,,,PESOS,7
NACIONAL,NACIONAL,2007/2008,C. CHAQUEÑO,False,260.0,157.0,153700.0,978.0,,,,PESOS,7
NACIONAL,NACIONAL,2007/2008,C. CORRENTINO,False,2929.0,2929.0,2328824.0,795.0,,,,PESOS,7
NACIONAL,NACIONAL,2008/2009,C. MISIONERO,False,969.0,788.0,709053.0,900.0,,,,PESOS,7
NACIONAL,NACIONAL,2008/2009,C. SALTEÑO,False,857.0,857.0,1325325.0,1547.0,,,,PESOS,7
NACIONAL,NACIONAL,2008/2009,VIRGINIA,False,39882.0,39826.0,82513412.0,2072.0,,,,PESOS,7
NACIONAL,NACIONAL,2008/2009,BURLEY,False,32363.0,22897.0,35004318.0,1529.0,,,,PESOS,7
NACIONAL,NACIONAL,2008/2009,C. CHAQUEÑO,False,255.0,255.0,207748.0,815.0,,,,PESOS,7
NACIONAL,NACIONAL,2008/2009,C. CORRENTINO,False,2458.0,2290.0,1130945.0,494.0,,,,PESOS,7
NACIONAL,NACIONAL,2009/2010,C. MISIONERO,False,1066.0,746.0,731185.0,980.0,,,,PESOS,7
NACIONAL,NACIONAL,2009/2010,C. SALTEÑO,False,849.0,849.0,882044.0,1039.0,,,,PESOS,7
NACIONAL,NACIONAL,2009/2010,VIRGINIA,False,41312.0,40637.0,94913748.0,2336.0,,,,PESOS,7
NACIONAL,NACIONAL,2009/2010,BURLEY,False,34754.0,29857.0,42230451.0,1414.0,,,,PESOS,7
NACIONAL,NACIONAL,2009/2010,C. ARGENTINO,False,547.0,498.0,584730.0,1174.0,,,,PESOS,7
NACIONAL,NACIONAL,2009/2010,C. CHAQUEÑO,False,309.0,304.0,331634.0,1090.0,,,,PESOS,7
NACIONAL,NACIONAL,2009/2010,C. CORRENTINO,False,1633.0,1355.0,2118179.0,1563.0,,,,PESOS,7
NACIONAL,NACIONAL,2010/2011,C. MISIONERO,False,1036.0,693.0,955505.0,1379.0,,,,PESOS,7
NACIONAL,NACIONAL,2010/2011,C. SALTEÑO,False,497.0,467.0,626257.0,1341.0,,,,PESOS,7
NACIONAL,NACIONAL,2010/2011,KENTUCKY AHUMAD,False,35.0,34.0,33724.0,987.0,,,,PESOS,7
NACIONAL,NACIONAL,2010/2011,VIRGINIA,False,43126.0,42507.0,88360739.0,2079.0,,,,PESOS,7
NACIONAL,NACIONAL,2010/2011,BURLEY,False,28949.0,24730.0,35500729.0,1436.0,,,,PESOS,7
NACIONAL,NACIONAL,2010/2011,C. ARGENTINO,False,601.0,449.0,648510.0,1443.0,,,,PESOS,7
NACIONAL,NACIONAL,2010/2011,C. CHAQUEÑO,False,308.0,285.0,274821.0,964.0,,,,PESOS,7
NACIONAL,NACIONAL,2010/2011,C. CORRENTINO,False,1744.0,1453.0,2673662.0,1840.0,,,,PESOS,7
NACIONAL,NACIONAL,2011/2012,C. MISIONERO,False,828.0,518.0,725619.0,1401.0,,,,PESOS,7
NACIONAL,NACIONAL,2011/2012,C. SALTEÑO,False,502.0,347.0,601872.0,1735.0,,,,PESOS,7
NACIONAL,NACIONAL,2011/2012,VIRGINIA,False,36424.0,36545.0,74908685.0,2050.0,,,,PESOS,7
NACIONAL,NACIONAL,2012/2013,C. MISIONERO,False,681.0,366.0,443021.0,1210.0,,,,PESOS,8
NACIONAL,NACIONAL,2012/2013,C. SALTEÑO,False,249.0,205.0,305170.0,1489.0,,,,PESOS,8
NACIONAL,NACIONAL,2012/2013,VIRGINIA,False,36512.0,35461.0,75742911.0,2136.0,,,,PESOS,8
NACIONAL,NACIONAL,2012/2013,BURLEY,False,29607.0,27311.0,43272511.0,1584.0,,,,PESOS,8
NACIONAL,NACIONAL,2012/2013,C. ARGENTINO,False,304.0,252.0,532613.0,2114.0,,,,PESOS,8
NACIONAL,NACIONAL,2012/2013,C. CHAQUEÑO,False,285.0,205.0,269940.0,1317.0,,,,PESOS,8
NACIONAL,NACIONAL,2013/2014,C. CORRENTINO,False,2300.0,1853.0,2088996.0,1127.0,,,,PESOS,8
NACIONAL,NACIONAL,2013/2014,C. MISIONERO,False,440.0,410.0,514993.0,1256.0,,,,PESOS,8
NACIONAL,NACIONAL,2013/2014,VIRGINIA,False,38352.0,35652.0,80406361.0,2255.0,,,,PESOS,8
NACIONAL,NACIONAL,2013/2014,BURLEY,False,31550.0,21166.0,31607360.0,1493.0,,,,PESOS,8
NACIONAL,NACIONAL,2013/2014,C. ARGENTINO,False,243.0,243.0,435921.0,1794.0,,,,PESOS,8
NACIONAL,NACIONAL,2013/2014,C. CHAQUEÑO,False,337.0,337.0,458350.0,1360.0,,,,PESOS,8
NACIONAL,NACIONAL,2014/2015,C. CORRENTINO,False,1602.0,283.0,467044.0,1650.0,,,,PESOS,8
NACIONAL,NACIONAL,2014/2015,C. MISIONERO,False,485.0,254.0,304924.0,1200.0,,,,PESOS,8
NACIONAL,NACIONAL,2014/2015,VIRGINIA,False,35490.0,33491.0,75832388.0,2264.0,,,,PESOS,8
NACIONAL,NACIONAL,2014/2015,BURLEY,False,23693.0,16159.0,23008911.0,1424.0,,,,PESOS,8
NACIONAL,NACIONAL,2014/2015,C. ARGENTINO,False,236.0,221.0,307947.0,1393.0,,,,PESOS,8
NACIONAL,NACIONAL,2014/2015,C. CHAQUEÑO,False,174.0,130.0,234705.0,1805.0,,,,PESOS,8
NACIONAL,NACIONAL,2015/2016,C. CORRENTINO,False,1636.0,1065.0,634892.0,596.0,,,,PESOS,8
NACIONAL,NACIONAL,2015/2016,C. MISIONERO,False,532.0,331.0,275971.0,834.0,,,,PESOS,8
NACIONAL,NACIONAL,2015/2016,VIRGINIA,False,29797.0,25909.0,69208441.0,2671.0,,,,PESOS,8
NACIONAL,NACIONAL,2015/2016,BURLEY,False,25737.0,25545.0,40848860.0,1599.0,,,,PESOS,8
NACIONAL,NACIONAL,2015/2016,C. ARGENTINO,False,358.0,335.0,509663.0,1521.0,,,,PESOS,8
NACIONAL,NACIONAL,2015/2016,C. CHAQUEÑO,False,508.0,479.0,521865.0,1090.0,,,,PESOS,8
NACIONAL,NACIONAL,2016/2017,C. CORRENTINO,False,66.0,66.0,1268937.0,19226.0,,,,PESOS,8
NACIONAL,NACIONAL,2016/2017,C. MISIONERO,False,371.0,368.0,618337.0,1680.0,,,,PESOS,8
NACIONAL,NACIONAL,2016/2017,VIRGINIA,False,33531.0,30528.0,73386763.0,2404.0,,,,PESOS,8
NACIONAL,NACIONAL,2017/2018,C. CORRENTINO,False,1286.0,1286.0,1629031.0,1267.0,,,,PESOS,9
NACIONAL,NACIONAL,2017/2018,C. MISIONERO,False,857.0,760.0,657160.0,864.0,,,,PESOS,9
NACIONAL,NACIONAL,2017/2018,VIRGINIA,False,33511.0,26714.0,63623630.0,2382.0,,,,PESOS,9
NACIONAL,NACIONAL,2017/2018,TOTAL,True,65075.0,56951.0,104093271.0,1828.0,,,,PESOS,9
NACIONAL,NACIONAL,2017/2018,BURLEY,False,29460.0,28227.0,38730678.0,1372.0,,,,PESOS,9
NACIONAL,NACIONAL,2017/2018,C. ARGENTINO,False,228.0,200.0,256548.0,1286.0,,,,PESOS,9
NACIONAL,NACIONAL,2017/2018,C. CHAQUEÑO,False,497.0,468.0,534572.0,1142.0,,,,PESOS,9
NACIONAL,NACIONAL,2018/2019,C. CORRENTINO,False,1144.0,1144.0,737227.0,644.0,,,,PESOS,9
NACIONAL,NACIONAL,2018/2019,C. MISIONERO,False,734.0,559.0,662823.0,1185.0,,,,PESOS,9
NACIONAL,NACIONAL,2018/2019,VIRGINIA,False,34896.0,30046.0,66427717.0,2211.0,,,,PESOS,9
NACIONAL,NACIONAL,2018/2019,TOTAL,True,66959.0,60643.0,107349565.0,1770.0,,,,PESOS,9
NACIONAL,NACIONAL,2018/2019,BURLEY,False,23319.0,22663.0,38370554.0,1693.0,,,,PESOS,9
NACIONAL,NACIONAL,2018/2019,C. ARGENTINO,False,201.0,195.0,344234.0,1764.0,,,,PESOS,9
NACIONAL,NACIONAL,2018/2019,C. CHAQUEÑO,False,747.0,541.0,402238.0,744.0,,,,PESOS,9
NACIONAL,NACIONAL,2019/2020,C. CORRENTINO,False,1299.0,1299.0,2051162.0,1579.0,,,,PESOS,9
NACIONAL,NACIONAL,2019/2020,C. MISIONERO,False,1335.0,924.0,1049401.0,1136.0,,,,PESOS,9
NACIONAL,NACIONAL,2019/2020,VIRGINIA,False,34742.0,32098.0,70639053.0,2201.0,,,,PESOS,9
NACIONAL,NACIONAL,2019/2020,TOTAL,True,61643.0,57719.0,112856642.0,1955.0,,,,PESOS,9
NACIONAL,NACIONAL,2019/2020,BURLEY,False,23136.0,22134.0,28967897.0,1309.0,,,,PESOS,9
NACIONAL,NACIONAL,2019/2020,C. ARGENTINO,False,245.0,225.0,252842.0,1125.0,,,,PESOS,9
NACIONAL,NACIONAL,2019/2020,C. CHAQUEÑO,False,236.0,228.0,279074.0,1225.0,,,,PESOS,9
NACIONAL,NACIONAL,2020/2021,C. CORRENTINO,False,1348.0,1348.0,1642340.0,1218.0,,,,PESOS,9
NACIONAL,NACIONAL,2020/2021,C. MISIONERO,False,595.0,493.0,375157.0,761.0,,,,PESOS,9
NACIONAL,NACIONAL,2020/2021,VIRGINIA,False,33593.0,30250.0,66369102.0,2194.0,,,,PESOS,9
NACIONAL,NACIONAL,2020/2021,TOTAL,True,59152.0,54677.0,97886412.0,1790.0,,,,PESOS,9
NACIONAL,NACIONAL,2020/2021,BURLEY,False,22700.0,21035.0,25639481.0,1219.0,,,,PESOS,9
NACIONAL,NACIONAL,2020/2021,C. ARGENTINO,False,204.0,198.0,256429.0,1294.0,,,,PESOS,9
NACIONAL,NACIONAL,2020/2021,C. CHAQUEÑO,False,324.0,293.0,268416.0,916.0,,,,PESOS,9
NACIONAL,NACIONAL,2021/2022,C. CORRENTINO,False,1348.0,1000.0,1370184.0,1370.0,,,,PESOS,9
NACIONAL,NACIONAL,2021/2022,C. MISIONERO,False,481.0,343.0,230372.0,672.0,,,,PESOS,9
NACIONAL,NACIONAL,2021/2022,VIRGINIA,False,34750.0,29207.0,63845505.0,2186.0,,,,PESOS,9
NACIONAL,NACIONAL,2021/2022,TOTAL,True,59808.0,52076.0,91610387.0,1759.0,,,,PESOS,9
NACIONAL,NACIONAL,2022/2023,C. CORRENTINO,False,1200.0,800.0,929027.0,1161.0,,,,PESOS,10
NACIONAL,NACIONAL,2022/2023,C. MISIONERO,False,286.0,216.0,158750.0,735.0,,,,PESOS,10
NACIONAL,NACIONAL,2022/2023,VIRGINIA,False,33860.0,30394.0,61374729.0,2019.0,,,,PESOS,10
NACIONAL,NACIONAL,2022/2023,TOTAL,True,56857.0,51271.0,87408882.0,1705.0,,,,PESOS,10
PROVINCIAL,CATAMARCA,1991/1992,VIRGINIA,False,2.0,2.0,1662.0,831.0,1.48,0.52,2.0,PESOS,11
PROVINCIAL,CATAMARCA,1991/1992,BURLEY,False,1600.0,1247.0,1597138.0,1281.0,1.67,0.55,2.22,PESOS,11
PROVINCIAL,CATAMARCA,1991/1992,C. SALTEÑO,False,200.0,113.0,147895.0,1309.0,0.94,0.21,1.15,PESOS,11
PROVINCIAL,CATAMARCA,1992/1993,VIRGINIA,False,4.0,4.0,5570.0,1393.0,1.2,0.39,1.59,PESOS,11
PROVINCIAL,CATAMARCA,1992/1993,BURLEY,False,800.0,600.0,983402.0,1639.0,0.81,1.21,2.02,PESOS,11
PROVINCIAL,CATAMARCA,1993/1994,C. SALTEÑO,False,200.0,87.0,68953.0,793.0,0.81,0.69,1.5,PESOS,11
PROVINCIAL,CATAMARCA,1993/1994,BURLEY,False,761.0,711.0,718972.0,1011.0,1.0,1.12,2.12,PESOS,11
PROVINCIAL,CATAMARCA,1994/1995,C. SALTEÑO,False,200.0,150.0,157127.0,1048.0,0.95,0.74,1.69,PESOS,11
PROVINCIAL,CATAMARCA,1994/1995,BURLEY,False,909.0,870.0,923282.0,1061.0,0.6,0.76,1.36,PESOS,11
PROVINCIAL,CATAMARCA,1994/1995,C. MISIONERO,False,4.0,4.0,5389.0,1347.0,0.88,0.79,1.67,PESOS,11
PROVINCIAL,CATAMARCA,1995/1996,C. SALTEÑO,False,145.0,100.0,106596.0,1066.0,0.85,0.63,1.48,PESOS,11
PROVINCIAL,CATAMARCA,1995/1996,VIRGINIA,False,5.0,5.0,6313.0,1263.0,1.02,0.9,1.92,PESOS,11
PROVINCIAL,CATAMARCA,1995/1996,BURLEY,False,750.0,620.0,763380.0,1231.0,1.35,0.71,2.06,PESOS,11
PROVINCIAL,CATAMARCA,1995/1996,C. MISIONERO,False,30.0,25.0,33145.0,1326.0,0.23,0.65,0.88,PESOS,11
PROVINCIAL,CATAMARCA,1996/1997,VIRGINIA,False,110.0,90.0,116548.0,1295.0,1.04,0.37,1.41,PESOS,11
PROVINCIAL,CATAMARCA,1996/1997,BURLEY,False,1212.0,800.0,1218890.0,1524.0,1.26,0.69,1.95,PESOS,11
PROVINCIAL,CATAMARCA,1996/1997,C. MISIONERO,False,7.0,5.0,6410.0,1282.0,0.6,0.55,1.15,PESOS,11
PROVINCIAL,CATAMARCA,1997/1998,VIRGINIA,False,90.0,41.0,61979.0,1512.0,1.26,0.62,1.88,PESOS,11
PROVINCIAL,CATAMARCA,1997/1998,BURLEY,False,900.0,820.0,1000327.0,1220.0,0.98,0.62,1.6,PESOS,11
PROVINCIAL,CATAMARCA,1998/1999,BURLEY,False,585.0,570.0,840491.0,1475.0,0.78,0.55,1.33,PESOS,11
PROVINCIAL,CATAMARCA,2000/2001,BURLEY,False,908.0,859.0,1201508.0,1399.0,1.39,1.03,2.42,PESOS,12
PROVINCIAL,CATAMARCA,2001/2002,BURLEY,False,866.0,624.0,991773.0,1591.0,2.88,1.47,4.35,PESOS,12
PROVINCIAL,CATAMARCA,2002/2003,BURLEY,False,1044.0,589.0,914041.0,1553.0,2.44,1.09,3.53,PESOS,12
PROVINCIAL,CATAMARCA,2003/2004,BURLEY,False,851.0,820.0,1571756.0,1917.0,2.85,1.2,4.05,PESOS,12
PROVINCIAL,CATAMARCA,2004/2005,BURLEY,False,818.0,745.0,1163787.0,1562.0,2.89,1.35,4.25,PESOS,12
PROVINCIAL,CATAMARCA,2005/2006,VIRGINIA,False,20.0,5.0,7496.0,1499.0,1.58,0.65,2.23,PESOS,12
PROVINCIAL,CATAMARCA,2005/2006,BURLEY,False,612.0,549.0,850286.0,1550.0,3.16,1.44,4.61,PESOS,12
PROVINCIAL,CATAMARCA,2006/2007,VIRGINIA,False,11.0,11.0,8624.0,784.0,1.47,0.57,2.04,PESOS,12
PROVINCIAL,CATAMARCA,2006/2007,BURLEY,False,541.0,502.0,900044.0,1793.0,5.31,1.72,7.03,PESOS,12
PROVINCIAL,CATAMARCA,2007/2008,VIRGINIA,False,2.0,2.0,4588.0,1843.0,4.91,1.51,6.42,PESOS,12
PROVINCIAL,CATAMARCA,2007/2008,BURLEY,False,683.0,554.0,1178215.0,2128.0,7.02,1.78,8.8,PESOS,12
PROVINCIAL,CATAMARCA,2008/2009,VIRGINIA,False,10.0,7.0,8357.0,1286.0,6.48,1.54,8.02,PESOS,12
PROVINCIAL,CATAMARCA,2008/2009,BURLEY,False,651.0,482.0,782582.0,1624.0,7.38,1.79,9.17,PESOS,12
PROVINCIAL,CATAMARCA,2009/2010,VIRGINIA,False,10.0,5.0,5667.0,1133.0,7.12,1.63,8.75,PESOS,12
PROVINCIAL,CATAMARCA,2009/2010,BURLEY,False,685.0,408.0,762458.0,1871.0,7.13,1.94,9.07,PESOS,12
PROVINCIAL,CATAMARCA,2009/2010,C. ARGENTINO,False,59.0,27.0,55781.0,2034.0,8.96,2.24,11.2,PESOS,12
PROVINCIAL,CATAMARCA,2010/2011,VIRGINIA,False,2.0,1.0,344.0,491.0,6.93,1.71,8.64,PESOS,12
PROVINCIAL,CATAMARCA,2010/2011,BURLEY,False,629.0,613.0,745710.0,1216.0,8.04,2.52,10.56,PESOS,12
PROVINCIAL,CATAMARCA,2011/2012,C. ARGENTINO,False,146.0,142.0,146043.0,1030.0,9.83,2.83,12.66,PESOS,12
PROVINCIAL,CATAMARCA,2011/2012,BURLEY,False,452.0,417.0,609701.0,1464.0,10.39,2.91,13.3,PESOS,12
PROVINCIAL,CATAMARCA,2012/2013,C. ARGENTINO,False,134.0,123.0,210550.0,1712.0,10.89,2.82,13.71,PESOS,12
PROVINCIAL,CATAMARCA,2012/2013,BURLEY,False,533.0,381.0,560436.0,1471.0,15.4,4.28,19.68,PESOS,12
PROVINCIAL,CATAMARCA,2013/2014,C. ARGENTINO,False,98.0,70.0,192533.0,2750.0,15.45,3.96,19.41,PESOS,12
PROVINCIAL,CATAMARCA,2013/2014,BURLEY,False,532.0,522.0,602795.0,1155.0,15.28,5.53,20.81,PESOS,12
PROVINCIAL,CATAMARCA,2014/2015,C. ARGENTINO,False,103.0,82.0,185367.0,2261.0,17.23,5.61,22.84,PESOS,12
PROVINCIAL,CATAMARCA,2014/2015,BURLEY,False,441.0,437.0,484396.0,1108.0,20.44,9.93,30.37,PESOS,12
PROVINCIAL,CATAMARCA,2015/2016,C. ARGENTINO,False,96.0,81.0,112604.0,1390.0,22.37,9.84,32.21,PESOS,12
PROVINCIAL,CATAMARCA,2016/2017,BURLEY,False,396.26,359.93,763596.0,2122.0,28.7,18.75,47.45,PESOS,13
PROVINCIAL,CATAMARCA,2016/2017,C. ARGENTINO,False,154.36,140.21,87608.0,624.83,31.17,17.62,48.79,PESOS,13
PROVINCIAL,CATAMARCA,2017/2018,VIRGINIA,False,10.0,10.0,9455.0,945.5,42.26,23.86,66.12,PESOS,13
PROVINCIAL,CATAMARCA,2017/2018,BURLEY,False,465.13,378.73,625499.0,1652.0,47.96,32.25,80.21,PESOS,13
PROVINCIAL,CATAMARCA,2017/2018,C. ARGENTINO,False,57.92,42.23,51174.0,1212.0,47.08,27.2,74.28,PESOS,13
PROVINCIAL,CATAMARCA,2018/2019,VIRGINIA,False,10.0,10.0,12890.0,1289.0,72.83,41.99,114.82,PESOS,13
PROVINCIAL,CATAMARCA,2018/2019,BURLEY,False,515.65,504.5,812895.0,1611.0,60.11,43.17,103.27,PESOS,13
PROVINCIAL,CATAMARCA,2019/2020,C. ARGENTINO,False,59.23,57.0,95611.0,1677.0,69.52,35.11,104.63,PESOS,13
PROVINCIAL,CATAMARCA,2019/2020,BURLEY,False,435.32,223.7,244837.0,1094.0,82.67,69.58,152.24,PESOS,13
PROVINCIAL,CATAMARCA,2020/2021,C. ARGENTINO,False,39.5,28.5,51298.0,1800.0,104.91,61.19,166.11,PESOS,13
PROVINCIAL,CATAMARCA,2020/2021,BURLEY,False,440.93,411.0,497144.0,1210.0,130.2,114.44,244.64,PESOS,13
PROVINCIAL,CATAMARCA,2021/2022,C. ARGENTINO,False,40.6,35.0,36552.0,1044.0,151.22,87.36,238.58,PESOS,13
PROVINCIAL,CATAMARCA,2021/2022,BURLEY,False,417.14,411.8,590784.0,1435.0,432.42,222.21,654.63,PESOS,13
PROVINCIAL,CATAMARCA,2022/2023,C. ARGENTINO,False,21.0,21.0,30783.0,1466.0,311.82,139.95,451.76,PESOS,13
PROVINCIAL,CHACO,1991/1992,VIRGINIA,False,318.0,290.0,538299.0,1856.0,1.48,0.51,1.99,PESOS,14
PROVINCIAL,CHACO,1991/1992,BURLEY,False,108.0,30.0,37450.0,1248.0,1.69,0.56,2.25,PESOS,14
PROVINCIAL,CHACO,1991/1992,C. CORRENTINO,False,100.0,70.0,121481.0,1735.0,1.07,0.47,1.54,PESOS,14
PROVINCIAL,CHACO,1992/1993,VIRGINIA,False,365.0,255.0,482405.0,1892.0,1.67,0.54,2.21,PESOS,14
PROVINCIAL,CHACO,1992/1993,BURLEY,False,30.0,25.0,14161.0,566.0,0.57,0.97,1.54,PESOS,14
PROVINCIAL,CHACO,1992/1993,C. CORRENTINO,False,100.0,70.0,202570.0,2894.0,1.08,0.95,2.03,PESOS,14
PROVINCIAL,CHACO,1993/1994,VIRGINIA,False,70.0,50.0,48484.0,970.0,0.87,1.04,1.91,PESOS,14
PROVINCIAL,CHACO,1993/1994,C. CORRENTINO,False,156.0,121.0,335232.0,2771.0,1.07,0.91,1.98,PESOS,14
PROVINCIAL,CHACO,1994/1995,VIRGINIA,False,35.0,35.0,51691.0,1477.0,1.23,1.21,2.44,PESOS,14
PROVINCIAL,CHACO,1994/1995,C. CORRENTINO,False,418.0,334.0,348797.0,1044.0,1.08,0.92,2.0,PESOS,14
PROVINCIAL,CHACO,1995/1996,VIRGINIA,False,139.0,112.0,162190.0,1448.0,0.92,1.14,2.06,PESOS,14
PROVINCIAL,CHACO,1995/1996,C. CORRENTINO,False,350.0,270.0,528795.0,1959.0,1.04,0.76,1.8,PESOS,14
PROVINCIAL,CHACO,1996/1997,VIRGINIA,False,280.0,240.0,350476.0,1460.0,1.86,0.71,2.57,PESOS,14
PROVINCIAL,CHACO,1996/1997,C. CORRENTINO,False,560.0,560.0,492484.0,879.0,1.03,0.76,1.79,PESOS,14
PROVINCIAL,CHACO,1997/1998,VIRGINIA,False,447.0,447.0,517825.0,1158.0,1.42,0.7,2.12,PESOS,14
PROVINCIAL,CHACO,1997/1998,C. CORRENTINO,False,600.0,450.0,741336.0,1647.0,0.86,0.79,1.65,PESOS,14
PROVINCIAL,CHACO,1998/1999,VIRGINIA,False,700.0,510.0,782788.0,1535.0,0.81,0.76,1.57,PESOS,14
PROVINCIAL,CHACO,1998/1999,C. CORRENTINO,False,500.0,300.0,453447.0,1511.0,0.6,0.78,1.38,PESOS,14
PROVINCIAL,CHACO,1999/2000,VIRGINIA,False,490.0,265.0,515623.0,1946.0,1.13,0.72,1.85,PESOS,14
PROVINCIAL,CHACO,2000/2001,VIRGINIA,False,384.0,270.0,405252.0,1500.0,1.14,0.81,1.95,PESOS,15
PROVINCIAL,CHACO,2000/2001,C. CORRENTINO,False,949.0,652.0,1017317.0,1560.0,0.77,1.06,1.83,PESOS,15
PROVINCIAL,CHACO,2001/2002,VIRGINIA,False,360.0,233.0,387375.0,1663.0,1.66,0.99,2.65,PESOS,15
PROVINCIAL,CHACO,2001/2002,C. CORRENTINO,False,1214.0,911.0,1194194.0,1312.0,1.07,1.63,2.7,PESOS,15
PROVINCIAL,CHACO,2002/2003,VIRGINIA,False,275.0,206.0,311390.0,1510.0,3.46,1.56,5.02,PESOS,15
PROVINCIAL,CHACO,2002/2003,C. CORRENTINO,False,1507.0,1215.0,1542031.0,1269.0,1.36,0.9,2.26,PESOS,15
PROVINCIAL,CHACO,2003/2004,VIRGINIA,False,321.0,317.0,379521.0,1197.0,3.68,1.46,5.14,PESOS,15
PROVINCIAL,CHACO,2003/2004,C. CHAQUEÑO,False,1353.0,994.0,661347.0,665.0,1.58,0.72,2.3,PESOS,15
PROVINCIAL,CHACO,2004/2005,VIRGINIA,False,289.0,283.0,363691.0,1285.0,3.8,1.52,5.32,PESOS,15
PROVINCIAL,CHACO,2004/2005,C. CHAQUEÑO,False,759.0,394.0,297484.0,755.0,1.56,0.66,2.22,PESOS,15
PROVINCIAL,CHACO,2005/2006,VIRGINIA,False,301.0,287.0,386295.0,1346.0,4.26,1.83,6.09,PESOS,15
PROVINCIAL,CHACO,2005/2006,C. CHAQUEÑO,False,428.0,246.0,122735.0,499.0,1.84,0.73,2.57,PESOS,15
PROVINCIAL,CHACO,2006/2007,VIRGINIA,False,305.0,287.0,443028.0,1544.0,4.85,1.95,6.8,PESOS,15
PROVINCIAL,CHACO,2006/2007,C. CHAQUEÑO,False,297.0,162.0,142852.0,884.0,2.97,0.91,3.89,PESOS,15
PROVINCIAL,CHACO,2007/2008,VIRGINIA,False,281.0,279.0,449113.0,1613.0,5.96,1.85,7.81,PESOS,15
PROVINCIAL,CHACO,2007/2008,C. CHAQUEÑO,False,260.0,157.0,153700.0,979.0,5.29,1.26,6.56,PESOS,15
PROVINCIAL,CHACO,2008/2009,VIRGINIA,False,393.0,342.0,311626.0,911.0,8.26,1.97,10.22,PESOS,15
PROVINCIAL,CHACO,2008/2009,C. CHAQUEÑO,False,255.0,255.0,207748.0,815.0,6.08,1.42,7.5,PESOS,15
PROVINCIAL,CHACO,2009/2010,VIRGINIA,False,320.0,320.0,335466.0,1048.0,9.14,2.27,11.41,PESOS,15
PROVINCIAL,CHACO,2009/2010,C. CHAQUEÑO,False,309.0,304.0,331634.0,1090.0,5.95,1.63,7.59,PESOS,15
PROVINCIAL,CHACO,2010/2011,VIRGINIA,False,364.0,281.0,710745.0,2529.0,9.17,2.54,11.71,PESOS,15
PROVINCIAL,CHACO,2010/2011,C. CHAQUEÑO,False,308.0,285.0,274821.0,964.0,6.63,1.86,8.49,PESOS,15
PROVINCIAL,CHACO,2011/2012,VIRGINIA,False,389.0,298.0,478887.0,1607.0,11.52,3.38,14.9,PESOS,15
PROVINCIAL,CHACO,2011/2012,C. CHAQUEÑO,False,280.0,240.0,119041.0,495.0,7.07,2.01,9.08,PESOS,15
PROVINCIAL,CHACO,2012/2013,VIRGINIA,False,407.0,214.0,286845.0,1340.0,8.76,3.24,12.0,PESOS,15
PROVINCIAL,CHACO,2012/2013,C. CHAQUEÑO,False,285.0,205.0,269940.0,1317.0,8.4,3.09,11.49,PESOS,15
PROVINCIAL,CHACO,2013/2014,VIRGINIA,False,373.0,237.0,390780.0,1649.0,12.61,4.67,17.28,PESOS,15
PROVINCIAL,CHACO,2013/2014,C. CHAQUEÑO,False,337.0,,458350.0,,11.51,3.77,15.28,PESOS,15
PROVINCIAL,CHACO,2014/2015,VIRGINIA,False,370.0,,423628.0,,14.36,7.03,21.39,PESOS,15
PROVINCIAL,CHACO,2015/2016,VIRGINIA,False,263.0,209.0,354313.0,1695.0,29.6,12.29,41.89,PESOS,16
PROVINCIAL,CHACO,2015/2016,C. CHAQUEÑO,False,507.5,478.99,521865.0,1090.0,18.43,6.35,24.78,PESOS,16
PROVINCIAL,CHACO,2016/2017,VIRGINIA,False,347.0,327.51,388206.0,1185.0,29.95,11.13,41.08,PESOS,16
PROVINCIAL,CHACO,2016/2017,C. CHAQUEÑO,False,435.0,341.0,516116.0,1514.0,22.56,12.75,35.31,PESOS,16
PROVINCIAL,CHACO,2017/2018,VIRGINIA,False,325.0,320.0,271154.0,847.0,29.3,22.53,51.84,PESOS,16
PROVINCIAL,CHACO,2017/2018,C. CHAQUEÑO,False,497.0,468.0,534572.0,1142.0,23.14,13.37,36.51,PESOS,16
PROVINCIAL,CHACO,2018/2019,VIRGINIA,False,347.0,347.0,511380.0,1474.0,49.26,38.84,88.1,PESOS,16
PROVINCIAL,CHACO,2018/2019,C. CHAQUEÑO,False,747.0,541.0,402238.0,744.0,34.31,17.33,51.64,PESOS,16
PROVINCIAL,CHACO,2019/2020,VIRGINIA,False,412.0,395.0,291822.0,739.0,103.1,52.12,155.22,PESOS,16
PROVINCIAL,CHACO,2019/2020,C. CHAQUEÑO,False,236.0,228.0,279074.0,1225.0,42.68,24.87,67.55,PESOS,16
PROVINCIAL,CHACO,2020/2021,VIRGINIA,False,185.0,181.0,128268.0,709.0,148.67,88.46,237.13,PESOS,16
PROVINCIAL,CHACO,2020/2021,C. CHAQUEÑO,False,324.0,293.0,268416.0,916.0,51.09,29.51,80.6,PESOS,16
PROVINCIAL,CHACO,2021/2022,VIRGINIA,False,275.0,252.0,196345.0,779.0,221.16,127.74,348.91,PESOS,16
PROVINCIAL,CHACO,2021/2022,C. CHAQUEÑO,False,318.0,220.0,152943.0,695.0,173.82,78.01,251.83,PESOS,16
PROVINCIAL,CHACO,2022/2023,VIRGINIA,False,266.0,244.0,156707.0,642.0,391.65,214.62,606.27,PESOS,16
PROVINCIAL,CORRIENTES,1991/1992,C. CORRENTINO,False,7500.0,5300.0,5921068.0,1117.0,1.58,0.36,1.94,PESOS,17
PROVINCIAL,CORRIENTES,1991/1992,BURLEY,False,500.0,500.0,444950.0,890.0,0.49,0.53,1.02,PESOS,17
PROVINCIAL,CORRIENTES,1992/1993,VIRGINIA,False,9.0,9.0,13180.0,1464.0,1.54,0.5,2.04,PESOS,17
PROVINCIAL,CORRIENTES,1992/1993,BURLEY,False,260.0,260.0,279961.0,1077.0,0.86,1.04,1.9,PESOS,17
PROVINCIAL,CORRIENTES,1993/1994,C. CORRENTINO,False,5000.0,3100.0,3953839.0,1275.0,0.85,0.79,1.64,PESOS,17
PROVINCIAL,CORRIENTES,1993/1994,BURLEY,False,14.0,14.0,16294.0,1164.0,1.1,1.11,2.21,PESOS,17
PROVINCIAL,CORRIENTES,1994/1995,C. CORRENTINO,False,6800.0,6400.0,7411672.0,1158.0,0.85,0.78,1.63,PESOS,17
PROVINCIAL,CORRIENTES,1994/1995,BURLEY,False,35.0,32.0,36505.0,1141.0,0.86,0.92,1.78,PESOS,17
PROVINCIAL,CORRIENTES,1995/1996,C. CORRENTINO,False,6500.0,5400.0,5982758.0,1108.0,0.87,0.78,1.65,PESOS,17
PROVINCIAL,CORRIENTES,1995/1996,BURLEY,False,37.0,32.0,36046.0,1126.0,0.88,0.72,1.6,PESOS,17
PROVINCIAL,CORRIENTES,1996/1997,C. CORRENTINO,False,5900.0,5030.0,5935243.0,1180.0,0.83,0.62,1.45,PESOS,17
PROVINCIAL,CORRIENTES,1996/1997,BURLEY,False,150.0,75.0,66653.0,889.0,1.12,0.59,1.71,PESOS,17
PROVINCIAL,CORRIENTES,1997/1998,VIRGINIA,False,150.0,80.0,63511.0,794.0,1.41,0.69,2.1,PESOS,17
PROVINCIAL,CORRIENTES,1997/1998,BURLEY,False,90.0,74.0,182077.0,2461.0,1.17,0.66,1.83,PESOS,17
PROVINCIAL,CORRIENTES,1997/1998,C. CORRENTINO,False,5600.0,4500.0,6981375.0,1551.0,0.59,0.62,1.21,PESOS,17
PROVINCIAL,CORRIENTES,1998/1999,VIRGINIA,False,175.0,143.0,336043.0,2350.0,1.17,0.65,1.82,PESOS,17
PROVINCIAL,CORRIENTES,1998/1999,BURLEY,False,88.0,52.0,67946.0,1307.0,0.81,0.5,1.31,PESOS,17
PROVINCIAL,CORRIENTES,1998/1999,C. CORRENTINO,False,4770.0,3150.0,3693264.0,1172.0,0.61,0.6,1.21,PESOS,17
PROVINCIAL,CORRIENTES,1999/2000,VIRGINIA,False,182.0,98.0,141198.0,1441.0,1.04,0.67,1.71,PESOS,17
PROVINCIAL,CORRIENTES,2000/2001,VIRGINIA,False,115.0,101.0,146841.0,1454.0,0.9,0.67,1.57,PESOS,18
PROVINCIAL,CORRIENTES,2000/2001,BURLEY,False,340.0,265.0,446492.0,1685.0,1.62,0.96,2.58,PESOS,18
PROVINCIAL,CORRIENTES,2000/2001,C. CORRENTINO,False,3667.0,2999.0,3892401.0,1298.0,1.27,0.84,2.11,PESOS,18
PROVINCIAL,CORRIENTES,2001/2002,VIRGINIA,False,228.0,173.0,301776.0,1744.0,1.21,0.7,1.91,PESOS,18
PROVINCIAL,CORRIENTES,2001/2002,BURLEY,False,593.0,292.0,350359.0,1200.0,2.47,1.39,3.86,PESOS,18
PROVINCIAL,CORRIENTES,2001/2002,C. CORRENTINO,False,4199.0,2362.0,2397481.0,1015.0,1.47,1.28,2.75,PESOS,18
PROVINCIAL,CORRIENTES,2002/2003,VIRGINIA,False,148.0,73.0,87267.0,1195.0,1.51,1.34,2.85,PESOS,18
PROVINCIAL,CORRIENTES,2002/2003,BURLEY,False,400.0,350.0,511693.0,1462.0,2.46,1.17,3.63,PESOS,18
PROVINCIAL,CORRIENTES,2002/2003,C. CORRENTINO,False,3500.0,3200.0,4907606.0,1534.0,1.6,0.7,2.3,PESOS,18
PROVINCIAL,CORRIENTES,2003/2004,VIRGINIA,False,350.0,270.0,408898.0,1514.0,2.11,1.23,3.34,PESOS,18
PROVINCIAL,CORRIENTES,2003/2004,BURLEY,False,438.0,316.0,378618.0,1198.0,2.58,1.12,3.7,PESOS,18
PROVINCIAL,CORRIENTES,2003/2004,C. CORRENTINO,False,4045.0,3851.0,4619359.0,1200.0,1.75,0.81,2.56,PESOS,18
PROVINCIAL,CORRIENTES,2004/2005,VIRGINIA,False,363.0,310.0,371471.0,1198.0,2.53,1.31,3.84,PESOS,18
PROVINCIAL,CORRIENTES,2004/2005,BURLEY,False,364.0,263.0,314822.0,1199.0,2.41,1.25,3.66,PESOS,18
PROVINCIAL,CORRIENTES,2004/2005,C. CORRENTINO,False,5268.0,4464.0,5354729.0,1200.0,1.86,0.78,2.64,PESOS,18
PROVINCIAL,CORRIENTES,2005/2006,VIRGINIA,False,542.0,486.0,582783.0,1200.0,3.12,1.67,4.79,PESOS,18
PROVINCIAL,CORRIENTES,2005/2006,BURLEY,False,396.0,268.0,50597.0,189.0,2.27,1.22,3.49,PESOS,18
PROVINCIAL,CORRIENTES,2005/2006,C. CORRENTINO,False,4836.0,4498.0,2079745.0,462.0,1.85,0.72,2.56,PESOS,18
PROVINCIAL,CORRIENTES,2006/2007,VIRGINIA,False,661.0,513.0,174334.0,340.0,2.93,1.62,4.56,PESOS,18
PROVINCIAL,CORRIENTES,2006/2007,BURLEY,False,164.0,106.0,126749.0,1199.0,3.12,1.24,4.36,PESOS,18
PROVINCIAL,CORRIENTES,2006/2007,C. CORRENTINO,False,2987.0,2629.0,3152886.0,1199.0,3.1,0.95,4.05,PESOS,18
PROVINCIAL,CORRIENTES,2007/2008,VIRGINIA,False,453.0,209.0,251244.0,1199.0,3.58,1.57,5.15,PESOS,18
PROVINCIAL,CORRIENTES,2007/2008,BURLEY,False,242.0,242.0,92238.0,381.0,4.17,1.69,5.86,PESOS,18
PROVINCIAL,CORRIENTES,2007/2008,C. CORRENTINO,False,2929.0,2929.0,2328824.0,795.0,4.04,0.96,4.99,PESOS,18
PROVINCIAL,CORRIENTES,2008/2009,VIRGINIA,False,170.0,170.0,69578.0,410.0,4.25,1.62,5.87,PESOS,18
PROVINCIAL,CORRIENTES,2008/2009,BURLEY,False,31.0,13.0,9619.0,726.0,4.71,1.93,6.64,PESOS,18
PROVINCIAL,CORRIENTES,2008/2009,C. CORRENTINO,False,2458.0,2290.0,1130945.0,494.0,4.47,1.04,5.52,PESOS,18
PROVINCIAL,CORRIENTES,2009/2010,VIRGINIA,False,63.0,28.0,27134.0,970.0,5.04,2.07,7.11,PESOS,18
PROVINCIAL,CORRIENTES,2009/2010,BURLEY,False,46.0,38.0,24681.0,646.0,4.72,2.08,6.8,PESOS,18
PROVINCIAL,CORRIENTES,2009/2010,C. ARGENTINO,False,94.0,78.0,113473.0,1454.0,8.21,2.05,10.26,PESOS,18
PROVINCIAL,CORRIENTES,2010/2011,C. CORRENTINO,False,1633.0,1355.0,2118179.0,1563.0,4.59,1.22,5.82,PESOS,18
PROVINCIAL,CORRIENTES,2010/2011,VIRGINIA,False,118.0,98.0,129212.0,1319.0,4.69,2.08,6.77,PESOS,18
PROVINCIAL,CORRIENTES,2011/2012,C. CORRENTINO,False,1744.0,1453.0,2673662.0,1840.0,7.08,1.74,8.81,PESOS,19
PROVINCIAL,CORRIENTES,2011/2012,VIRGINIA,False,144.0,120.0,46707.0,389.0,5.9,3.06,8.96,PESOS,19
PROVINCIAL,CORRIENTES,2011/2012,BURLEY,False,22.0,7.0,5011.0,716.0,5.84,2.85,8.69,PESOS,19
PROVINCIAL,CORRIENTES,2011/2012,C. ARGENTINO,False,85.0,31.0,53292.0,1719.0,10.54,2.77,13.31,PESOS,19
PROVINCIAL,CORRIENTES,2012/2013,C. CORRENTINO,False,1755.0,645.0,1338513.0,2076.0,5.66,1.58,7.24,PESOS,19
PROVINCIAL,CORRIENTES,2012/2013,VIRGINIA,False,85.0,70.0,22474.0,321.0,10.54,3.19,13.73,PESOS,19
PROVINCIAL,CORRIENTES,2012/2013,BURLEY,False,12.0,7.0,8079.0,1154.0,7.68,3.84,11.52,PESOS,19
PROVINCIAL,CORRIENTES,2013/2014,VIRGINIA,False,260.0,137.0,154127.0,1125.0,13.16,3.55,16.71,PESOS,19
PROVINCIAL,CORRIENTES,2013/2014,C. CORRENTINO,False,1602.0,283.0,467044.0,1650.0,7.87,2.85,10.72,PESOS,19
PROVINCIAL,CORRIENTES,2014/2015,VIRGINIA,False,158.0,28.0,21952.0,784.0,15.67,5.53,21.2,PESOS,19
PROVINCIAL,CORRIENTES,2014/2015,C. CORRENTINO,False,1636.0,1065.0,634892.0,596.0,11.8,5.22,17.02,PESOS,19
PROVINCIAL,CORRIENTES,2015/2016,VIRGINIA,False,148.0,96.0,52292.0,545.0,19.02,8.41,27.43,PESOS,19
PROVINCIAL,CORRIENTES,2015/2016,C. CORRENTINO,False,66.0,66.0,1268937.0,19226.0,14.78,5.09,19.87,PESOS,19
PROVINCIAL,CORRIENTES,2016/2017,VIRGINIA,False,1626.0,1626.0,51343.0,32.0,21.75,7.49,29.24,PESOS,19
PROVINCIAL,CORRIENTES,2016/2017,C. CORRENTINO,False,1286.0,1286.0,1629031.0,1267.0,20.91,11.82,32.72,PESOS,19
PROVINCIAL,CORRIENTES,2017/2018,C. CORRENTINO,False,1144.0,1144.0,737227.0,644.0,31.71,18.32,50.02,PESOS,19
PROVINCIAL,CORRIENTES,2018/2019,C. CORRENTINO,False,1299.0,1299.0,2051162.0,1579.0,45.38,22.92,68.3,PESOS,19
PROVINCIAL,CORRIENTES,2019/2020,C. CORRENTINO,False,1348.0,1348.0,1642340.0,1218.0,64.74,37.75,102.49,PESOS,19
PROVINCIAL,CORRIENTES,2020/2021,C. CORRENTINO,False,1348.0,1000.0,1370184.0,1370.0,121.69,70.3,191.98,PESOS,19
PROVINCIAL,CORRIENTES,2021/2022,BURLEY,False,50.0,40.0,56380.0,1410.0,683.92,232.34,916.26,PESOS,19
PROVINCIAL,CORRIENTES,2021/2022,C. CORRENTINO,False,1200.0,800.0,929027.0,1161.0,456.92,205.07,661.99,PESOS,19
PROVINCIAL,CORRIENTES,2022/2023,VIRGINIA,False,1.0,1.0,1011.0,1011.0,596.15,282.29,878.44,PESOS,19
PROVINCIAL,JUJUY,1991/1992,VIRGINIA,False,19765.0,17197.0,30101784.0,1750.0,1.48,0.57,2.05,PESOS,20
PROVINCIAL,JUJUY,1991/1992,BURLEY,False,300.0,300.0,188397.0,628.0,1.51,0.5,2.01,PESOS,20
PROVINCIAL,JUJUY,1992/1993,VIRGINIA,False,19479.0,15979.0,33109364.0,2072.0,1.84,0.59,2.43,PESOS,20
PROVINCIAL,JUJUY,1992/1993,BURLEY,False,60.0,25.0,39960.0,1598.0,0.72,0.84,1.56,PESOS,20
PROVINCIAL,JUJUY,1993/1994,VIRGINIA,False,13010.0,12573.0,22737412.0,1808.0,1.17,1.16,2.33,PESOS,20
PROVINCIAL,JUJUY,1993/1994,BURLEY,False,3.0,3.0,4683.0,1561.0,0.71,0.98,1.69,PESOS,20
PROVINCIAL,JUJUY,1994/1995,VIRGINIA,False,14428.0,12220.0,21971781.0,1798.0,1.35,1.33,2.68,PESOS,20
PROVINCIAL,JUJUY,1994/1995,BURLEY,False,5.0,2.0,2198.0,1099.0,1.25,1.18,2.43,PESOS,20
PROVINCIAL,JUJUY,1995/1996,VIRGINIA,False,16170.0,13870.0,30174961.0,2176.0,1.8,1.4,3.2,PESOS,20
PROVINCIAL,JUJUY,1995/1996,BURLEY,False,1.0,1.0,346.0,692.0,1.22,0.72,1.94,PESOS,20
PROVINCIAL,JUJUY,1996/1997,VIRGINIA,False,20500.0,19400.0,39028151.0,2012.0,1.96,0.73,2.69,PESOS,20
PROVINCIAL,JUJUY,1997/1998,VIRGINIA,False,20500.0,18000.0,34326453.0,1907.0,1.32,0.73,2.05,PESOS,20
PROVINCIAL,JUJUY,1998/1999,VIRGINIA,False,16026.0,15801.0,34838393.0,2205.0,1.11,0.71,1.82,PESOS,20
PROVINCIAL,JUJUY,1999/2000,VIRGINIA,False,14659.0,12711.0,30175578.0,2374.0,1.17,0.83,2.0,PESOS,20
PROVINCIAL,JUJUY,2000/2001,VIRGINIA,False,14986.0,14986.0,35846505.0,2392.0,1.88,1.1,2.98,PESOS,20
PROVINCIAL,JUJUY,2001/2002,VIRGINIA,False,15375.0,14377.0,35690269.0,2482.0,3.59,1.62,5.21,PESOS,20
PROVINCIAL,JUJUY,2003/2004,VIRGINIA,False,19017.0,18417.0,45165534.0,2452.0,3.88,1.52,5.4,PESOS,21
PROVINCIAL,JUJUY,2004/2005,VIRGINIA,False,18624.0,17597.0,39279218.0,2232.0,4.19,1.75,5.93,PESOS,21
PROVINCIAL,JUJUY,2005/2006,VIRGINIA,False,19045.0,17580.0,43313839.0,2464.0,5.12,1.99,7.11,PESOS,21
PROVINCIAL,JUJUY,2006/2007,VIRGINIA,False,19408.0,18829.0,44059350.0,2340.0,5.9,1.82,7.71,PESOS,21
PROVINCIAL,JUJUY,2007/2008,VIRGINIA,False,18846.0,18846.0,44438596.0,2358.0,8.98,2.13,11.11,PESOS,21
PROVINCIAL,JUJUY,2008/2009,VIRGINIA,False,19635.0,19635.0,49461487.0,2519.0,9.63,2.25,11.88,PESOS,21
PROVINCIAL,JUJUY,2009/2010,K. AHUMADO,False,1.0,0.48,595.0,1240.0,12.18,3.04,15.23,PESOS,21
PROVINCIAL,JUJUY,2010/2011,VIRGINIA,False,19919.0,19408.0,44566124.0,2296.0,9.06,2.27,11.33,PESOS,21
PROVINCIAL,JUJUY,2011/2012,VIRGINIA,False,16589.0,15946.0,39779575.0,2495.0,14.28,3.69,17.97,PESOS,21
PROVINCIAL,JUJUY,2012/2013,VIRGINIA,False,17225.0,16011.0,41074979.0,2565.0,19.43,4.97,24.4,PESOS,21
PROVINCIAL,JUJUY,2013/2014,VIRGINIA,False,16071.0,15674.0,44503582.0,2839.0,20.04,6.55,26.59,PESOS,21
PROVINCIAL,JUJUY,2014/2015,VIRGINIA,False,13259.0,12212.0,37845331.0,3099.0,29.22,12.92,42.14,PESOS,21
PROVINCIAL,JUJUY,2015/2016,VIRGINIA,False,14682.0,14557.0,40586210.0,2788.0,31.71,10.92,42.64,PESOS,21
PROVINCIAL,JUJUY,2016/2017,C. ARGENTINO,False,1.02,1.02,727.0,713.0,36.96,20.9,57.86,PESOS,21
PROVINCIAL,JUJUY,2017/2018,VIRGINIA,False,15124.0,13815.0,37181539.0,2691.0,39.41,22.25,61.66,PESOS,21
PROVINCIAL,JUJUY,2018/2019,VIRGINIA,False,13830.0,12459.0,35311358.0,2834.0,97.74,49.37,147.11,PESOS,21
PROVINCIAL,JUJUY,2019/2020,VIRGINIA,False,12954.0,10430.0,28729078.0,2754.0,140.51,81.93,222.44,PESOS,21
PROVINCIAL,JUJUY,2020/2021,VIRGINIA,False,12609.0,11897.0,30558443.0,2569.0,228.16,131.8,359.97,PESOS,21
PROVINCIAL,JUJUY,2021/2022,VIRGINIA,False,12595.0,11492.0,28071094.0,2443.0,535.87,240.43,776.29,PESOS,21
PROVINCIAL,MISIONES,1991/1992,KENTUCKY,False,8.0,7.0,9097.0,1300.0,1.52,0.64,2.15,PESOS,22
PROVINCIAL,MISIONES,1991/1992,VIRGINIA,False,1104.0,994.0,2368474.0,2383.0,1.48,0.52,2.0,PESOS,22
PROVINCIAL,MISIONES,1991/1992,BURLEY,False,19241.0,18385.0,31731384.0,1726.0,1.6,0.53,2.13,PESOS,22
PROVINCIAL,MISIONES,1991/1992,C. MISIONERO,False,914.0,604.0,1054150.0,1745.0,0.75,0.31,1.06,PESOS,22
PROVINCIAL,MISIONES,1992/1993,KENTUCKY,False,8.0,6.0,8801.0,1467.0,1.57,0.66,2.23,PESOS,22
PROVINCIAL,MISIONES,1992/1993,VIRGINIA,False,1202.0,1151.0,2303052.0,2001.0,1.74,0.56,2.3,PESOS,22
PROVINCIAL,MISIONES,1992/1993,BURLEY,False,13308.0,13308.0,22113126.0,1662.0,1.18,1.23,2.41,PESOS,22
PROVINCIAL,MISIONES,1992/1993,C. MISIONERO,False,3256.0,3256.0,3296551.0,1012.0,0.75,0.75,1.5,PESOS,22
PROVINCIAL,MISIONES,1993/1994,KENTUCKY,False,291.0,291.0,8484.0,29.0,1.57,0.81,2.38,PESOS,22
PROVINCIAL,MISIONES,1993/1994,VIRGINIA,False,1191.0,1191.0,2511208.0,2108.0,1.21,1.19,2.4,PESOS,22
PROVINCIAL,MISIONES,1993/1994,BURLEY,False,12584.0,8037.0,13673013.0,1701.0,1.3,1.12,2.42,PESOS,22
PROVINCIAL,MISIONES,1993/1994,C. MISIONERO,False,4501.0,3979.0,4855014.0,1220.0,0.75,0.76,1.51,PESOS,22
PROVINCIAL,MISIONES,1994/1995,KENTUCKY,False,3.0,3.0,3414.0,1138.0,1.59,0.82,2.41,PESOS,22
PROVINCIAL,MISIONES,1994/1995,VIRGINIA,False,1029.0,967.0,1934533.0,2001.0,1.29,1.26,2.55,PESOS,22
PROVINCIAL,MISIONES,1995/1996,KENTUCKY,False,12.0,11.0,10802.0,982.0,1.75,0.83,2.58,PESOS,23
PROVINCIAL,MISIONES,1995/1996,VIRGINIA,False,1260.0,1256.0,2520004.0,2006.0,1.35,1.05,2.4,PESOS,23
PROVINCIAL,MISIONES,1995/1996,BURLEY,False,16000.0,15200.0,26050714.0,1714.0,1.45,0.72,2.17,PESOS,23
PROVINCIAL,MISIONES,1995/1996,C. MISIONERO,False,4400.0,4170.0,4982265.0,1195.0,0.78,0.63,1.41,PESOS,23
PROVINCIAL,MISIONES,1996/1997,KENTUCKY,False,4.0,4.0,3545.0,1013.0,1.44,0.63,2.07,PESOS,23
PROVINCIAL,MISIONES,1996/1997,VIRGINIA,False,900.0,870.0,1760368.0,2023.0,1.49,0.58,2.07,PESOS,23
PROVINCIAL,MISIONES,1996/1997,BURLEY,False,21200.0,20092.0,18484424.0,920.0,1.45,0.72,2.17,PESOS,23
PROVINCIAL,MISIONES,1996/1997,C. MISIONERO,False,3658.0,3255.0,1848319.0,568.0,0.68,0.63,1.31,PESOS,23
PROVINCIAL,MISIONES,1997/1998,VIRGINIA,False,904.0,893.0,1436707.0,1609.0,1.42,0.7,2.12,PESOS,23
PROVINCIAL,MISIONES,1997/1998,BURLEY,False,21000.0,19660.0,28057921.0,1427.0,1.37,0.74,2.11,PESOS,23
PROVINCIAL,MISIONES,1997/1998,C. MISIONERO,False,4000.0,3905.0,3166962.0,811.0,0.7,0.64,1.34,PESOS,23
PROVINCIAL,MISIONES,1998/1999,VIRGINIA,False,800.0,533.0,1216485.0,2282.0,1.32,0.71,2.03,PESOS,23
PROVINCIAL,MISIONES,1998/1999,BURLEY,False,16494.0,16214.0,28528666.0,1760.0,1.16,0.73,1.89,PESOS,23
PROVINCIAL,MISIONES,1998/1999,C. MISIONERO,False,4296.0,3852.0,3874802.0,1006.0,0.56,0.62,1.18,PESOS,23
PROVINCIAL,MISIONES,1999/2000,VIRGINIA,False,339.0,338.0,780950.0,2311.0,0.98,0.65,1.63,PESOS,23
PROVINCIAL,MISIONES,1999/2000,BURLEY,False,17489.0,17227.0,24830076.0,1441.0,1.2,0.84,2.04,PESOS,23
PROVINCIAL,MISIONES,1999/2000,C. MISIONERO,False,3119.0,2969.0,1980641.0,667.0,0.46,0.68,1.14,PESOS,23
PROVINCIAL,MISIONES,2000/2001,VIRGINIA,False,148.0,145.0,282499.0,1955.0,0.92,0.7,1.62,PESOS,23
PROVINCIAL,MISIONES,2000/2001,BURLEY,False,22371.0,21798.0,36731178.0,1685.0,1.88,1.13,3.01,PESOS,23
PROVINCIAL,MISIONES,2000/2001,C. MISIONERO,False,2973.0,2660.0,2297883.0,864.0,0.89,0.88,1.77,PESOS,23
PROVINCIAL,MISIONES,2001/2002,VIRGINIA,False,175.0,172.0,395231.0,2298.0,1.19,0.86,2.05,PESOS,23
PROVINCIAL,MISIONES,2001/2002,BURLEY,False,25280.0,23968.0,27760224.0,1158.0,3.27,1.57,4.84,PESOS,23
PROVINCIAL,MISIONES,2001/2002,C. MISIONERO,False,3689.0,2767.0,1569908.0,567.0,1.11,1.06,2.17,PESOS,23
PROVINCIAL,MISIONES,2002/2003,VIRGINIA,False,191.0,187.0,252212.0,1349.0,2.47,1.71,4.18,PESOS,23
PROVINCIAL,MISIONES,2002/2003,BURLEY,False,27428.0,26839.0,45599932.0,1699.0,3.31,1.38,4.69,PESOS,23
PROVINCIAL,MISIONES,2002/2003,C. MISIONERO,False,2425.0,2183.0,1660565.0,761.0,1.63,0.67,2.3,PESOS,23
PROVINCIAL,MISIONES,2003/2004,VIRGINIA,False,325.0,315.0,732457.0,2325.0,2.44,1.61,4.05,PESOS,23
PROVINCIAL,MISIONES,2003/2004,BURLEY,False,32692.0,30417.0,49800580.0,1637.0,3.53,1.36,4.89,PESOS,23
PROVINCIAL,MISIONES,2003/2004,C. MISIONERO,False,2194.0,2010.0,1803441.0,897.0,1.59,0.72,2.31,PESOS,23
PROVINCIAL,MISIONES,2004/2005,VIRGINIA,False,346.0,343.0,784923.0,2288.0,3.01,1.63,4.64,PESOS,23
PROVINCIAL,MISIONES,2004/2005,BURLEY,False,27814.0,26851.0,42081966.0,1567.0,3.74,1.52,5.27,PESOS,23
PROVINCIAL,MISIONES,2004/2005,C. MISIONERO,False,2383.0,2223.0,1885628.0,848.0,1.67,0.7,2.37,PESOS,23
PROVINCIAL,MISIONES,2005/2006,VIRGINIA,False,409.0,388.0,838014.0,2160.0,3.01,1.8,4.8,PESOS,23
PROVINCIAL,MISIONES,2006/2007,VIRGINIA,False,60.0,60.0,139684.0,2328.0,3.82,1.85,5.67,PESOS,24
PROVINCIAL,MISIONES,2006/2007,BURLEY,False,26458.0,21918.0,35280412.0,1610.0,5.93,1.81,7.73,PESOS,24
PROVINCIAL,MISIONES,2007/2008,C. MISIONERO,False,837.0,492.0,730267.0,1484.0,3.55,1.09,4.64,PESOS,24
PROVINCIAL,MISIONES,2007/2008,BURLEY,False,29950.0,25565.0,40336541.0,1578.0,7.98,1.87,9.85,PESOS,24
PROVINCIAL,MISIONES,2008/2009,C. MISIONERO,False,969.0,788.0,709053.0,900.0,4.24,1.0,5.24,PESOS,24
PROVINCIAL,MISIONES,2008/2009,BURLEY,False,27515.0,18446.0,28681790.0,1555.0,8.49,1.97,10.46,PESOS,24
PROVINCIAL,MISIONES,2009/2010,C. MISIONERO,False,1066.0,746.0,731185.0,980.0,4.73,1.1,5.83,PESOS,24
PROVINCIAL,MISIONES,2009/2010,BURLEY,False,30060.0,25518.0,35204004.0,1380.0,8.68,2.13,10.81,PESOS,24
PROVINCIAL,MISIONES,2010/2011,C. MISIONERO,False,1036.0,693.0,955505.0,1379.0,4.45,1.11,5.56,PESOS,24
PROVINCIAL,MISIONES,2010/2011,BURLEY,False,25352.0,21294.0,29080235.0,1366.0,10.33,2.96,13.29,PESOS,24
PROVINCIAL,MISIONES,2011/2012,C. MISIONERO,False,828.0,518.0,725619.0,1401.0,5.73,1.65,7.38,PESOS,24
PROVINCIAL,MISIONES,2011/2012,BURLEY,False,24870.0,22362.0,27013893.0,1208.0,16.08,3.28,19.36,PESOS,24
PROVINCIAL,MISIONES,2012/2013,C. MISIONERO,False,681.0,366.0,443021.0,1210.0,9.08,1.87,10.95,PESOS,24
PROVINCIAL,MISIONES,2012/2013,BURLEY,False,25500.0,23768.0,36826527.0,1549.0,17.79,4.54,22.33,PESOS,24
PROVINCIAL,MISIONES,2013/2014,C. MISIONERO,False,440.0,410.0,514993.0,1256.0,8.83,2.26,11.09,PESOS,24
PROVINCIAL,MISIONES,2013/2014,BURLEY,False,25108.0,17331.0,25008109.0,1443.0,19.17,6.13,25.3,PESOS,24
PROVINCIAL,MISIONES,2014/2015,C. MISIONERO,False,485.0,254.0,304924.0,1200.0,9.82,3.21,13.03,PESOS,24
PROVINCIAL,MISIONES,2014/2015,BURLEY,False,19910.0,12384.0,17873156.0,1443.0,25.41,10.99,36.4,PESOS,24
PROVINCIAL,MISIONES,2015/2016,C. MISIONERO,False,532.0,331.0,275971.0,834.0,12.0,5.31,17.31,PESOS,24
PROVINCIAL,MISIONES,2015/2016,BURLEY,False,21752.0,21752.0,33890721.0,1558.0,27.96,9.47,37.43,PESOS,24
PROVINCIAL,MISIONES,2016/2017,C. MISIONERO,False,308.0,308.0,480328.0,1558.0,13.83,4.94,18.76,PESOS,24
PROVINCIAL,MISIONES,2016/2017,BURLEY,False,24340.0,23327.0,29406457.0,1261.0,35.23,19.46,54.69,PESOS,24
PROVINCIAL,MISIONES,2016/2017,C. ARGENTINO,False,5.0,5.0,5111.0,1022.0,26.97,15.0,42.0,PESOS,24
PROVINCIAL,MISIONES,2017/2018,C. MISIONERO,False,621.0,524.0,466346.0,37.0,17.92,10.57,28.49,PESOS,24
PROVINCIAL,MISIONES,2017/2018,BURLEY,False,24792.0,23952.0,33029403.0,1379.0,55.29,31.37,86.66,PESOS,24
PROVINCIAL,MISIONES,2018/2019,BURLEY,False,18264.0,17820.0,29569696.0,1659.0,89.02,42.25,131.27,PESOS,24
PROVINCIAL,MISIONES,2019/2020,VIRGINIA,False,16.0,6.0,10099.0,1683.0,115.94,53.75,169.69,PESOS,24
PROVINCIAL,MISIONES,2020/2021,VIRGINIA,False,11.0,11.0,13405.0,1219.0,176.3,102.8,279.1,PESOS,25
PROVINCIAL,MISIONES,2020/2021,BURLEY,False,18313.0,17019.0,18957718.0,1114.0,196.22,103.96,300.19,PESOS,25
PROVINCIAL,MISIONES,2021/2022,VIRGINIA,False,16.0,14.0,18216.0,1301.0,269.96,155.95,425.91,PESOS,25
PROVINCIAL,MISIONES,2021/2022,BURLEY,False,16488.0,15348.0,18165495.0,1184.0,521.83,222.99,744.82,PESOS,25
PROVINCIAL,MISIONES,2022/2023,VIRGINIA,False,14.0,13.0,18267.0,1405.0,688.15,264.3,952.45,PESOS,25
PROVINCIAL,SALTA,1991/1992,VIRGINIA,False,18012.0,16211.0,22393981.0,1381.0,1.48,0.57,2.05,PESOS,26
PROVINCIAL,SALTA,1991/1992,BURLEY,False,261.0,261.0,140771.0,539.0,1.59,0.52,2.11,PESOS,26
PROVINCIAL,SALTA,1991/1992,C. SALTEÑO,False,802.0,802.0,613256.0,765.0,1.13,0.25,1.38,PESOS,26
PROVINCIAL,SALTA,1992/1993,VIRGINIA,False,19533.0,19533.0,28130588.0,1440.0,1.8,0.58,2.38,PESOS,26
PROVINCIAL,SALTA,1992/1993,BURLEY,False,53.0,5.0,9806.0,1961.0,0.76,1.31,2.07,PESOS,26
PROVINCIAL,SALTA,1992/1993,C. SALTEÑO,False,597.0,563.0,840613.0,1493.0,1.03,0.88,1.91,PESOS,26
PROVINCIAL,SALTA,1993/1994,VIRGINIA,False,11435.0,9228.0,16352000.0,1772.0,1.14,1.17,2.31,PESOS,26
PROVINCIAL,SALTA,1993/1994,BURLEY,False,15.0,10.0,11765.0,1177.0,0.91,1.03,1.94,PESOS,26
PROVINCIAL,SALTA,1993/1994,C. SALTEÑO,False,800.0,720.0,1187161.0,1649.0,1.03,0.8,1.83,PESOS,26
PROVINCIAL,SALTA,1994/1995,VIRGINIA,False,11123.0,11123.0,19137159.0,1721.0,1.36,1.33,2.69,PESOS,26
PROVINCIAL,SALTA,1994/1995,BURLEY,False,15.0,10.0,11958.0,1196.0,1.38,1.29,2.67,PESOS,26
PROVINCIAL,SALTA,1994/1995,C. SALTEÑO,False,750.0,700.0,1284818.0,1835.0,1.06,0.79,1.85,PESOS,26
PROVINCIAL,SALTA,1995/1996,VIRGINIA,False,13145.0,12940.0,25880785.0,2000.0,1.82,1.42,3.24,PESOS,26
PROVINCIAL,SALTA,1995/1996,BURLEY,False,9.0,8.0,8081.0,1010.0,1.34,0.67,2.01,PESOS,26
PROVINCIAL,SALTA,1995/1996,C. SALTEÑO,False,240.0,218.0,422310.0,1937.0,1.03,0.63,1.66,PESOS,26
PROVINCIAL,SALTA,1996/1997,VIRGINIA,False,18000.0,17000.0,33730416.0,1984.0,2.01,0.7,2.71,PESOS,26
PROVINCIAL,SALTA,1996/1997,C. SALTEÑO,False,360.0,306.0,490270.0,1602.0,1.05,0.63,1.68,PESOS,26
PROVINCIAL,SALTA,1997/1998,VIRGINIA,False,21400.0,20400.0,37316783.0,1829.0,1.62,0.72,2.34,PESOS,26
PROVINCIAL,SALTA,1998/1999,VIRGINIA,False,18000.0,13345.0,24164984.0,1811.0,1.34,0.74,2.08,PESOS,27
PROVINCIAL,SALTA,1998/1999,C. SALTEÑO,False,744.0,730.0,1468413.0,2012.0,0.77,0.62,1.39,PESOS,27
PROVINCIAL,SALTA,1999/2000,VIRGINIA,False,14137.0,12356.0,29564489.0,2393.0,1.13,0.73,1.86,PESOS,27
PROVINCIAL,SALTA,1999/2000,C. SALTEÑO,False,582.0,582.0,1146551.0,1971.0,0.82,0.68,1.5,PESOS,27
PROVINCIAL,SALTA,2000/2001,VIRGINIA,False,12301.0,12301.0,23286595.0,1893.0,1.18,0.84,2.02,PESOS,27
PROVINCIAL,SALTA,2000/2001,C. SALTEÑO,False,654.0,654.0,1680541.0,2570.0,1.36,1.01,2.37,PESOS,27
PROVINCIAL,SALTA,2001/2002,VIRGINIA,False,14427.0,14427.0,35912781.0,2489.0,1.95,1.15,3.1,PESOS,27
PROVINCIAL,SALTA,2001/2002,C. SALTEÑO,False,622.0,603.0,1581751.0,2623.0,2.21,1.55,3.76,PESOS,27
PROVINCIAL,SALTA,2002/2003,VIRGINIA,False,16185.0,14750.0,33799706.0,2291.0,3.81,1.72,5.53,PESOS,27
PROVINCIAL,SALTA,2002/2003,C. SALTEÑO,False,959.0,917.0,1643133.0,1792.0,2.28,1.26,3.54,PESOS,27
PROVINCIAL,SALTA,2003/2004,VIRGINIA,False,19408.0,18324.0,44390764.0,2423.0,4.1,1.6,5.7,PESOS,27
PROVINCIAL,SALTA,2003/2004,C. SALTEÑO,False,995.0,961.0,1953689.0,2032.0,2.35,1.09,3.44,PESOS,27
PROVINCIAL,SALTA,2004/2005,VIRGINIA,False,21892.0,20314.0,46944946.0,2311.0,3.85,1.49,5.34,PESOS,27
PROVINCIAL,SALTA,2004/2005,C. SALTEÑO,False,861.0,851.0,1676048.0,1970.0,3.09,1.29,4.38,PESOS,27
PROVINCIAL,SALTA,2005/2006,VIRGINIA,False,21325.0,19122.0,41035229.0,2146.0,4.17,1.73,5.9,PESOS,27
PROVINCIAL,SALTA,2005/2006,C. SALTEÑO,False,918.0,901.0,1253201.0,1392.0,3.53,1.37,4.9,PESOS,27
PROVINCIAL,SALTA,2006/2007,VIRGINIA,False,22629.0,20157.0,41076267.0,2038.0,5.07,1.97,7.05,PESOS,27
PROVINCIAL,SALTA,2006/2007,C. SALTEÑO,False,748.0,738.0,1323511.0,1793.0,4.9,1.51,6.41,PESOS,27
PROVINCIAL,SALTA,2007/2008,VIRGINIA,False,21029.0,18507.0,37707438.0,2037.0,6.18,1.9,8.08,PESOS,27
PROVINCIAL,SALTA,2007/2008,C. SALTEÑO,False,857.0,857.0,1325325.0,1547.0,6.28,1.5,7.78,PESOS,27
PROVINCIAL,SALTA,2008/2009,VIRGINIA,False,20382.0,20382.0,37531002.0,1841.0,9.32,2.22,11.54,PESOS,27
PROVINCIAL,SALTA,2008/2009,C. SALTEÑO,False,849.0,849.0,882044.0,1039.0,8.13,1.89,10.02,PESOS,27
PROVINCIAL,SALTA,2009/2010,VIRGINIA,False,21212.0,20585.0,44982556.0,2185.0,10.11,2.36,12.48,PESOS,27
PROVINCIAL,SALTA,2009/2010,C. ARGENTINO,False,389.0,387.0,406585.0,1050.0,8.67,2.17,10.84,PESOS,27
PROVINCIAL,SALTA,2009/2010,C. SALTEÑO,False,497.0,467.0,626257.0,1341.0,7.15,1.78,8.93,PESOS,27
PROVINCIAL,SALTA,2010/2011,K. AHUMADO,False,34.0,34.0,33129.0,984.0,11.75,2.93,14.68,PESOS,27
PROVINCIAL,SALTA,2010/2011,VIRGINIA,False,22673.0,22673.0,42880645.0,1891.0,9.92,2.49,12.41,PESOS,27
PROVINCIAL,SALTA,2010/2011,C. ARGENTINO,False,359.0,234.0,355032.0,1517.0,9.86,2.84,12.7,PESOS,27
PROVINCIAL,SALTA,2010/2011,C. SALTEÑO,False,502.0,347.0,601872.0,1735.0,7.79,2.24,10.03,PESOS,27
PROVINCIAL,SALTA,2011/2012,VIRGINIA,False,18559.0,18473.0,32038762.0,1734.0,10.6,3.04,13.64,PESOS,27
PROVINCIAL,SALTA,2012/2013,VIRGINIA,False,19431.0,19231.0,35654017.0,1854.0,14.54,3.76,18.3,PESOS,28
PROVINCIAL,SALTA,2013/2014,VIRGINIA,False,18891.0,17789.0,30883226.0,1736.0,18.3,5.97,24.27,PESOS,28
PROVINCIAL,SALTA,2014/2015,VIRGINIA,False,16126.0,13391.0,30955772.0,2312.0,27.25,12.05,39.3,PESOS,28
PROVINCIAL,SALTA,2015/2016,VIRGINIA,False,16859.0,14000.0,32330198.0,2309.0,31.52,10.85,42.38,PESOS,28
PROVINCIAL,SALTA,2016/2017,VIRGINIA,False,18023.0,12543.0,26114056.0,2082.0,40.82,23.05,63.87,PESOS,28
PROVINCIAL,SALTA,2017/2018,VIRGINIA,False,18958.0,17010.0,32193503.0,1893.0,70.54,40.66,111.2,PESOS,28
PROVINCIAL,SALTA,2018/2019,VIRGINIA,False,20444.0,19198.0,34954608.0,1821.0,100.65,50.82,151.48,PESOS,28
PROVINCIAL,SALTA,2019/2020,VIRGINIA,False,20426.0,19611.0,37480969.0,1911.0,155.14,90.46,245.6,PESOS,28
PROVINCIAL,SALTA,2020/2021,VIRGINIA,False,21829.0,17034.0,33063450.0,1941.0,231.59,133.78,365.37,PESOS,28
PROVINCIAL,SALTA,2021/2022,VIRGINIA,False,20979.0,18642.0,33126813.0,1777.0,513.89,230.57,744.46,PESOS,28
PROVINCIAL,TUCUMAN,1991/1992,VIRGINIA,False,140.0,137.0,218039.0,1592.0,1.48,0.52,2.0,PESOS,29
PROVINCIAL,TUCUMAN,1991/1992,BURLEY,False,8550.0,4500.0,8462268.0,1881.0,1.74,0.57,2.31,PESOS,29
PROVINCIAL,TUCUMAN,1992/1993,VIRGINIA,False,450.0,300.0,137171.0,457.0,1.74,0.56,2.3,PESOS,29
PROVINCIAL,TUCUMAN,1992/1993,BURLEY,False,6000.0,5000.0,8396136.0,1679.0,0.92,1.22,2.14,PESOS,29
PROVINCIAL,TUCUMAN,1993/1994,VIRGINIA,False,70.0,30.0,94676.0,3156.0,1.17,1.21,2.38,PESOS,29
PROVINCIAL,TUCUMAN,1993/1994,BURLEY,False,5900.0,5300.0,7487978.0,1413.0,1.12,1.18,2.3,PESOS,29
PROVINCIAL,TUCUMAN,1994/1995,VIRGINIA,False,70.0,40.0,53982.0,1350.0,1.16,1.33,2.49,PESOS,29
PROVINCIAL,TUCUMAN,1994/1995,BURLEY,False,6000.0,5095.0,6489660.0,1274.0,0.9,1.01,1.91,PESOS,29
PROVINCIAL,TUCUMAN,1995/1996,VIRGINIA,False,70.0,50.0,65057.0,1301.0,1.09,1.34,2.43,PESOS,29
PROVINCIAL,TUCUMAN,1995/1996,BURLEY,False,6900.0,6300.0,9152391.0,1453.0,1.31,0.69,2.0,PESOS,29
PROVINCIAL,TUCUMAN,1996/1997,VIRGINIA,False,250.0,200.0,303585.0,1518.0,1.18,0.63,1.81,PESOS,29
PROVINCIAL,TUCUMAN,1996/1997,BURLEY,False,6200.0,5532.0,8840276.0,1598.0,1.32,0.72,2.04,PESOS,29
PROVINCIAL,TUCUMAN,1997/1998,VIRGINIA,False,300.0,170.0,238228.0,1401.0,1.32,0.65,1.97,PESOS,29
PROVINCIAL,TUCUMAN,1997/1998,BURLEY,False,6100.0,5800.0,11705911.0,2018.0,1.02,0.67,1.69,PESOS,29
PROVINCIAL,TUCUMAN,1998/1999,VIRGINIA,False,200.0,140.0,259513.0,1854.0,1.16,0.64,1.8,PESOS,29
PROVINCIAL,TUCUMAN,1998/1999,BURLEY,False,5840.0,5788.0,9559916.0,1652.0,0.89,0.62,1.51,PESOS,29
PROVINCIAL,TUCUMAN,1999/2000,VIRGINIA,False,150.0,98.0,181507.0,1852.0,1.09,0.7,1.79,PESOS,29
PROVINCIAL,TUCUMAN,1999/2000,BURLEY,False,5855.0,5807.0,9924210.0,1709.0,0.92,0.74,1.66,PESOS,29
PROVINCIAL,TUCUMAN,2000/2001,VIRGINIA,False,145.0,93.0,165252.0,1777.0,1.18,0.89,2.07,PESOS,29
PROVINCIAL,TUCUMAN,2000/2001,BURLEY,False,6150.0,6000.0,12107781.0,2018.0,1.58,1.06,2.64,PESOS,29
PROVINCIAL,TUCUMAN,2001/2002,VIRGINIA,False,120.0,110.0,217938.0,1981.0,1.98,1.16,3.14,PESOS,29
PROVINCIAL,TUCUMAN,2002/2003,VIRGINIA,False,70.0,70.0,141816.0,2026.0,3.39,1.53,4.92,PESOS,30
PROVINCIAL,TUCUMAN,2002/2003,BURLEY,False,6400.0,4580.0,9339806.0,2039.0,2.6,1.13,3.73,PESOS,30
PROVINCIAL,TUCUMAN,2003/2004,VIRGINIA,False,100.0,70.0,96091.0,1373.0,3.48,1.36,4.84,PESOS,30
PROVINCIAL,TUCUMAN,2003/2004,BURLEY,False,6900.0,4100.0,8488968.0,2070.0,2.83,1.17,4.0,PESOS,30
PROVINCIAL,TUCUMAN,2004/2005,VIRGINIA,False,100.0,50.0,94726.0,1895.0,3.73,1.44,5.17,PESOS,30
PROVINCIAL,TUCUMAN,2004/2005,BURLEY,False,5000.0,4500.0,9274390.0,2061.0,2.88,1.35,4.23,PESOS,30
PROVINCIAL,TUCUMAN,2005/2006,VIRGINIA,False,100.0,80.0,166666.0,2083.0,4.16,1.73,5.89,PESOS,30
PROVINCIAL,TUCUMAN,2005/2006,BURLEY,False,4000.0,2000.0,4222906.0,2111.0,3.19,1.45,4.63,PESOS,30
PROVINCIAL,TUCUMAN,2006/2007,VIRGINIA,False,100.0,70.0,143997.0,2057.0,4.57,1.78,6.35,PESOS,30
PROVINCIAL,TUCUMAN,2006/2007,BURLEY,False,3140.0,3035.0,6070406.0,2000.0,5.23,1.69,6.91,PESOS,30
PROVINCIAL,TUCUMAN,2007/2008,VIRGINIA,False,91.0,91.0,182273.0,2000.0,6.19,1.9,8.09,PESOS,30
PROVINCIAL,TUCUMAN,2007/2008,BURLEY,False,3683.0,3628.0,6894107.0,1900.0,7.04,1.79,8.83,PESOS,30
PROVINCIAL,TUCUMAN,2008/2009,VIRGINIA,False,83.0,81.0,154253.0,1900.0,8.85,2.1,10.95,PESOS,30
PROVINCIAL,TUCUMAN,2008/2009,BURLEY,False,4167.0,3951.0,5530327.0,1400.0,7.25,1.75,9.01,PESOS,30
PROVINCIAL,TUCUMAN,2009/2010,VIRGINIA,False,72.0,70.0,101438.0,1449.0,9.18,2.15,11.32,PESOS,30
PROVINCIAL,TUCUMAN,2009/2010,BURLEY,False,3963.0,3894.0,6239308.0,1602.0,7.17,1.91,9.08,PESOS,30
PROVINCIAL,TUCUMAN,2009/2010,C. ARGENTINO,False,5.0,5.0,8891.0,1710.0,9.23,2.31,11.54,PESOS,30
PROVINCIAL,TUCUMAN,2010/2011,VIRGINIA,False,50.0,46.0,73669.0,1600.0,7.17,1.8,8.97,PESOS,30
PROVINCIAL,TUCUMAN,2010/2011,BURLEY,False,3098.0,2980.0,5657974.0,1899.0,7.92,2.45,10.37,PESOS,30
PROVINCIAL,TUCUMAN,2010/2011,C. ARGENTINO,False,16.0,16.0,44813.0,2829.0,11.34,2.93,14.27,PESOS,30
PROVINCIAL,TUCUMAN,2011/2012,VIRGINIA,False,74.0,73.0,23366.0,320.0,8.73,2.51,11.24,PESOS,30
PROVINCIAL,TUCUMAN,2011/2012,BURLEY,False,3059.0,2980.0,5977955.0,2006.0,10.44,2.94,13.37,PESOS,30
PROVINCIAL,TUCUMAN,2012/2013,C. ARGENTINO,False,113.0,111.0,184199.0,1659.0,11.34,2.93,14.27,PESOS,30
PROVINCIAL,TUCUMAN,2012/2013,BURLEY,False,3562.0,3155.0,5877469.0,1863.0,15.34,4.3,19.64,PESOS,30
PROVINCIAL,TUCUMAN,2013/2014,C. ARGENTINO,False,206.0,182.0,340080.0,1869.0,15.52,3.98,19.5,PESOS,30
PROVINCIAL,TUCUMAN,2013/2014,BURLEY,False,4150.0,3002.0,5996456.0,1997.0,16.11,5.79,21.9,PESOS,30
PROVINCIAL,TUCUMAN,2014/2015,C. ARGENTINO,False,140.0,119.0,250554.0,2105.0,15.91,5.18,21.09,PESOS,30
PROVINCIAL,TUCUMAN,2014/2015,BURLEY,False,3342.0,3338.0,4651359.0,1393.0,20.78,10.01,30.79,PESOS,30
PROVINCIAL,TUCUMAN,2015/2016,VIRGINIA,False,1.0,1.0,733.0,733.0,31.92,14.11,46.03,PESOS,30
PROVINCIAL,TUCUMAN,2016/2017,VIRGINIA,False,17.45,16.69,30806.0,1846.0,32.5,11.39,43.89,PESOS,31
PROVINCIAL,TUCUMAN,2016/2017,BURLEY,False,4005.0,3934.0,7080569.0,1800.0,30.12,18.67,48.79,PESOS,31
PROVINCIAL,TUCUMAN,2016/2017,C. ARGENTINO,False,85.0,83.0,323266.0,3900.0,31.16,17.61,48.77,PESOS,31
PROVINCIAL,TUCUMAN,2017/2018,VIRGINIA,False,29.0,26.0,47426.0,1800.0,40.69,22.97,63.66,PESOS,31
PROVINCIAL,TUCUMAN,2017/2018,BURLEY,False,4203.0,3896.0,5075776.0,1303.0,48.53,31.18,79.71,PESOS,31
PROVINCIAL,TUCUMAN,2017/2018,C. ARGENTINO,False,170.0,158.0,205374.0,1302.0,48.81,28.2,77.01,PESOS,31
PROVINCIAL,TUCUMAN,2018/2019,VIRGINIA,False,11.0,10.0,9704.0,981.0,66.15,38.13,104.28,PESOS,31
PROVINCIAL,TUCUMAN,2018/2019,BURLEY,False,4540.0,4338.0,7987963.0,1841.0,65.33,41.72,107.05,PESOS,31
PROVINCIAL,TUCUMAN,2018/2019,C. ARGENTINO,False,141.0,138.0,248623.0,1800.0,69.91,35.31,105.22,PESOS,31
PROVINCIAL,TUCUMAN,2019/2020,VIRGINIA,False,40.0,40.0,71166.0,1783.0,99.46,50.22,149.68,PESOS,31
PROVINCIAL,TUCUMAN,2019/2020,BURLEY,False,3934.0,3755.0,4827933.0,1286.0,91.94,69.42,161.36,PESOS,31
PROVINCIAL,TUCUMAN,2019/2020,C. ARGENTINO,False,206.0,196.0,201544.0,1027.0,106.86,62.33,169.18,PESOS,31
PROVINCIAL,TUCUMAN,2020/2021,VIRGINIA,False,17.0,17.0,17382.0,1042.0,148.11,86.36,234.47,PESOS,31
PROVINCIAL,TUCUMAN,2020/2021,BURLEY,False,3946.0,3605.0,6184619.0,1716.0,145.48,109.68,255.16,PESOS,31
PROVINCIAL,TUCUMAN,2020/2021,C. ARGENTINO,False,163.0,163.0,219877.0,1348.0,152.93,88.34,241.27,PESOS,31
PROVINCIAL,TUCUMAN,2021/2022,VIRGINIA,False,22.0,10.0,9051.0,905.0,224.08,129.44,353.51,PESOS,31
PROVINCIAL,TUCUMAN,2021/2022,BURLEY,False,4096.0,3700.0,5746078.0,1553.0,423.94,223.59,647.53,PESOS,31
PROVINCIAL,TUCUMAN,2021/2022,C. ARGENTINO,False,121.0,121.0,203913.0,1689.0,311.72,139.91,451.63,PESOS,31
PROVINCIAL,TUCUMAN,2022/2023,VIRGINIA,False,5.0,2.0,837.0,558.0,476.58,214.07,690.65,PESOS,31
