fecha,empresas_grandes,porcentaje_participacion_grandes,empresas_pymes,porcentaje_participacion_pymes,total_mercado,total_porcentaje_participacion,total_mercado_x_campana
dic-07,186446960.0,96.6,6556336.0,3.4,193003296.0,100.0,0.0
ene-08,179972152.0,96.02,7461644.0,3.98,187433796.0,100.0,0.0
feb-08,172761220.0,96.74,5816510.0,3.26,178577730.0,100.0,0.0
mar-08,175107782.0,96.57,6219454.0,3.43,181327236.0,100.0,0.0
abr-08,170282095.0,96.28,6586784.0,3.72,176868879.0,100.0,0.0
may-08,168362143.0,96.39,6297161.0,3.61,174659304.0,100.0,0.0
jun-08,153044334.0,95.57,7094474.0,4.43,160138808.0,100.0,0.0
jul-08,175833668.0,96.61,6164607.0,3.39,181998275.0,100.0,0.0
ago-08,162942927.0,96.97,5099033.0,3.03,168041960.0,100.0,0.0
sep-08,169521935.0,97.16,4946460.0,2.84,174468395.0,100.0,0.0
oct-08,187761889.0,97.1,5612897.0,2.9,193374786.0,100.0,0.0
nov-08,167946337.0,96.99,5213424.0,3.01,173159761.0,100.0,1762615134.0
dic-08,217399364.0,97.51,5551545.0,2.49,222950909.0,100.0,0.0
ene-09,176869394.0,95.7,7945406.0,4.3,184814800.0,100.0,
feb-09,160749532.0,98.32,2747066.0,1.68,163496598.0,100.0,
mar-09,180348963.0,97.57,4487559.0,2.43,184836522.0,100.0,
abr-09,179195414.0,96.69,6134779.0,3.31,185330193.0,100.0,
may-09,161276412.0,98.45,2535222.0,1.55,163811634.0,100.0,
jun-09,157044923.0,97.62,3825890.0,2.38,160870813.0,100.0,
jul-09,171139135.0,97.85,3756162.0,2.15,174895297.0,100.0,
ago-09,160534528.0,97.88,3484731.0,2.12,164019259.0,100.0,
sep-09,169925339.0,97.87,3693863.0,2.13,173619202.0,100.0,
oct-09,178789402.0,97.69,4228969.0,2.31,183018371.0,100.0,
nov-09,167201966.0,98.34,2814049.0,1.66,170016015.0,100.0,2131679613.0
dic-09,208043644.0,98.41,3362366.0,1.59,211406010.0,100.0,0.0
ene-10,168603461.0,97.68,4006480.0,2.32,172609941.0,100.0,
feb-10,169158648.0,98.6,2397409.0,1.4,171556057.0,100.0,
mar-10,189362801.0,98.38,3124161.0,1.62,192486962.0,100.0,
abr-10,158311694.0,98.22,2872153.0,1.78,161183847.0,100.0,
may-10,161131391.0,98.64,2227710.0,1.36,163359101.0,100.0,
jun-10,159967992.0,98.55,2354769.0,1.45,162322761.0,100.0,
jul-10,164421137.0,98.49,2528009.0,1.51,166949146.0,100.0,
ago-10,167626721.0,98.91,1845344.0,1.09,169472065.0,100.0,
sep-10,171654061.0,98.28,2996059.0,1.72,174650120.0,100.0,
oct-10,165489504.0,95.96,6962085.0,4.04,172451589.0,100.0,
nov-10,175677654.0,96.8,5815526.0,3.2,181493180.0,100.0,2099940779.0
dic-10,208089290.0,97.3,5774658.0,2.7,213863948.0,100.0,0.0
ene-11,181369251.0,96.67,6250196.0,3.33,187619447.0,100.0,
feb-11,165436477.0,97.0,5119725.0,3.0,170556202.0,100.0,
mar-11,190477003.0,97.07,5742955.0,2.93,196219958.0,100.0,
abr-11,172288167.0,96.81,5683915.0,3.19,177972082.0,100.0,
may-11,172579464.0,97.14,5081213.0,2.86,177660677.0,100.0,
jun-11,167849203.0,97.0,5200087.0,3.0,173049290.0,100.0,
jul-11,160913719.0,97.62,3918978.0,2.38,164832697.0,100.0,
ago-11,175374458.0,92.53,14155697.0,7.47,189530155.0,100.0,0.0
sep-11,178455983.0,97.39,4781648.0,2.61,183237631.0,100.0,
oct-11,173758920.0,97.67,4140933.0,2.33,177899853.0,100.0,
nov-11,175904766.0,98.07,3467999.0,1.93,179372765.0,100.0,2191814705.0
dic-11,205893578.0,97.85,4523819.0,2.15,210417397.0,100.0,0.0
ene-12,182345953.0,97.98,3759041.0,2.02,186104994.0,100.0,
feb-12,178334672.0,97.93,3768258.0,2.07,182102929.0,100.0,0.0
mar-12,193735625.0,96.96,6073660.0,3.04,199809285.0,100.0,
abr-12,163329199.0,97.16,4782343.0,2.84,168111541.0,100.0,
may-12,176295474.0,97.21,5059799.0,2.79,181355273.0,100.0,
jun-12,171162464.0,97.06,5183785.0,2.94,176346249.0,100.0,
jul-12,157954454.0,97.37,4271110.0,2.63,162225564.0,100.0,
ago-12,178470555.0,97.59,4402570.0,2.41,182873125.0,100.0,
sep-12,160620009.0,97.55,4039198.0,2.45,164659206.0,100.0,
oct-12,179743488.0,97.39,4817695.0,2.61,184561183.0,100.0,
nov-12,182198125.0,97.35,4966218.0,2.65,187164343.0,100.0,2185731089.0
dic-12,194382968.0,98.09,3783221.0,1.91,198166189.0,100.0,0.0
ene-13,176508323.0,97.38,4741730.0,2.62,181250053.0,100.0,
feb-13,164279350.0,97.39,4407000.0,2.61,168686350.0,100.0,
mar-13,185327907.0,97.79,4197008.0,2.21,189524915.0,100.0,
abr-13,164087483.0,97.07,4946880.0,2.93,169034363.0,100.0,
may-13,163566900.0,97.01,5036730.0,2.99,168603630.0,100.0,
jun-13,158754376.0,97.88,3443255.0,2.12,162197631.0,100.0,
jul-13,163098769.0,97.41,4344863.0,2.59,167443632.0,100.0,
ago-13,175752318.0,97.94,3696839.0,2.06,179449157.0,100.0,
sep-13,157601006.0,97.31,4361920.0,2.69,161962926.0,100.0,
oct-13,179772416.0,97.82,3998030.0,2.18,183770446.0,100.0,
nov-13,173381151.0,97.94,3644173.0,2.06,177025324.0,100.0,2107114616.0
dic-13,203433523.0,98.21,3709118.0,1.79,207142640.0,100.0,0.0
ene-14,211353805.0,98.31,3631685.0,1.69,214985490.0,100.0,
feb-14,150245252.0,97.06,4557345.0,2.94,154802597.0,100.0,
mar-14,162759972.0,97.23,4633400.0,2.77,167393372.0,100.0,
abr-14,192119332.0,98.09,3742383.0,1.91,195861714.0,100.0,
may-14,136157766.0,96.59,4813047.0,3.41,140970812.0,100.0,
jun-14,152271995.0,97.68,3617345.0,2.32,155889340.0,100.0,
jul-14,169583423.0,97.66,4064578.0,2.34,173648000.0,100.0,
ago-14,159533380.0,97.7,3751623.0,2.3,163285002.0,100.0,
sep-14,159039893.0,96.92,5058585.0,3.08,164098478.0,100.0,
oct-14,180813443.0,97.12,5355665.0,2.88,186169108.0,100.0,
nov-14,164190553.0,97.79,3718410.0,2.21,167908963.0,100.0,2092155516.0
dic-14,191444397.0,97.87,4164445.0,2.13,195608842.0,100.0,0.0
ene-15,161946268.0,98.19,2982060.0,1.81,164928328.0,100.0,
feb-15,158678602.0,97.36,4299145.0,2.64,162977747.0,100.0,
mar-15,181925194.0,98.59,2607377.0,1.41,184532571.0,100.0,
abr-15,160370720.0,97.1,4787110.0,2.9,165157830.0,100.0,
may-15,156525852.0,96.36,5910154.0,3.64,162436006.0,100.0,
jun-15,142669384.0,94.86,7730335.0,5.14,150399719.0,100.0,
jul-15,164477949.0,95.11,8453735.0,4.89,172931684.0,100.0,
ago-15,154648843.0,95.4,7464780.0,4.6,162113623.0,100.0,
sep-15,149148893.0,94.55,8590441.0,5.45,157739334.0,100.0,
oct-15,161976077.0,96.93,5131788.0,3.07,167107865.0,100.0,0.0
nov-15,162891202.0,95.32,7996795.0,4.68,170887997.0,100.0,2016821546.0
dic-15,202077090.0,96.36,7622950.0,3.64,209700040.0,100.0,0.0
ene-16,155529394.0,95.74,6912585.0,4.26,162441979.0,100.0,
feb-16,147426813.0,95.02,7734245.0,4.98,155161058.0,100.0,
mar-16,161517346.0,95.09,8333403.0,4.91,169850749.0,100.0,
abr-16,169462354.0,95.71,7594225.0,4.29,177056579.0,100.0,0.0
may-16,92843880.0,94.18,5737985.0,5.82,98581865.0,100.0,
jun-16,133195068.0,94.67,7502910.0,5.33,140697978.0,100.0,
jul-16,119236477.0,93.84,7820650.0,6.16,127057127.0,100.0,
ago-16,146708791.0,94.51,8526065.0,5.49,155234856.0,100.0,
sep-16,129893655.0,92.75,10157125.0,7.25,140050780.0,100.0,
oct-16,133862206.0,93.65,9079875.0,6.35,142942081.0,100.0,
nov-16,141215559.0,92.7,11112625.0,7.3,152328184.0,100.0,1831103275.0
dic-16,161503932.0,93.53,11176895.0,6.47,172680827.0,100.0,0.0
ene-17,151899115.0,92.34,12597640.0,7.66,164496755.0,100.0,
feb-17,121633095.0,90.45,12840523.0,9.55,134473618.0,100.0,
mar-17,149699090.0,91.03,14743880.0,8.97,164442970.0,100.0,
abr-17,128746591.0,90.15,14062280.0,9.85,142808871.0,100.0,
may-17,133288183.0,90.63,13773020.0,9.37,147061203.0,100.0,
jun-17,131998917.0,91.21,12715900.0,8.79,144714817.0,100.0,
jul-17,120506508.0,90.29,12965010.0,9.71,133471518.0,100.0,
ago-17,141168652.0,91.69,12790810.0,8.31,153959462.0,100.0,
sep-17,144004477.0,92.32,11986335.0,7.68,155990812.0,100.0,
oct-17,122102607.0,89.9,13713804.0,10.1,135816411.0,100.0,
nov-17,141453098.0,90.86,14232670.0,9.14,155685768.0,100.0,1805603031.0
dic-17,150411135.0,91.48,13999640.0,8.52,164410775.0,100.0,0.0
ene-18,144286258.0,91.33,13691010.0,8.67,157977268.0,100.0,
feb-18,125327827.0,88.3,16610010.0,11.7,141937837.0,100.0,
mar-18,142910964.0,92.52,11560936.0,7.48,154471900.0,100.0,
abr-18,130707538.0,90.16,14266135.0,9.84,144973673.0,100.0,
may-18,132227192.0,89.13,16120385.0,10.87,148347577.0,100.0,
jun-18,119104943.0,87.97,16291513.0,12.03,135396456.0,100.0,
jul-18,116716530.0,86.98,17465447.0,13.02,134181977.0,100.0,
ago-18,131157321.0,89.18,15913585.0,10.82,147070906.0,100.0,
sep-18,110981805.0,91.33,10540374.0,8.67,121522179.0,100.0,
oct-18,146678619.0,90.24,15859602.0,9.76,162538221.0,100.0,
nov-18,124873795.0,88.58,16099395.0,11.42,140973190.0,100.0,1753801958.0
dic-18,133413174.0,88.77,16875943.0,11.23,150289116.0,100.0,0.0
ene-19,127960553.0,88.79,16151756.0,11.21,144112309.0,100.0,0.0
feb-19,135437385.0,88.7,17255380.0,11.3,152692765.0,100.0,0.0
mar-19,103418987.0,83.76,20058386.0,16.24,123477373.0,100.0,0.0
abr-19,119625355.0,89.34,14275411.0,10.66,133900766.0,100.0,0.0
may-19,130105953.0,87.1,19264086.0,12.9,149370039.0,100.0,0.0
jun-19,91249667.0,84.86,16281064.0,15.14,107530731.0,100.0,0.0
jul-19,116615834.0,84.48,21427085.0,15.52,138042919.0,100.0,0.0
ago-19,124887503.0,83.81,24123540.0,16.19,149011043.0,100.0,0.0
sep-19,105402554.0,81.14,24502019.0,18.86,129904572.0,100.0,0.0
oct-19,112921912.0,78.97,30077049.0,21.03,142998961.0,100.0,0.0
nov-19,114613290.0,80.98,26915833.0,19.02,141529123.0,100.0,1662859717.0
dic-19,124423510.0,85.74,20689852.0,14.26,145113362.0,100.0,0.0
ene-20,113349973.0,78.05,31879539.0,21.95,145229512.0,100.0,0.0
feb-20,108853518.0,79.95,27299331.0,20.05,136152849.0,100.0,0.0
mar-20,96042375.0,81.22,22207885.0,18.78,118250260.0,100.0,0.0
abr-20,56512355.0,91.42,5306247.0,8.58,61818602.0,100.0,0.0
may-20,119570180.0,84.5,21936922.0,15.5,141507102.0,100.0,0.0
jun-20,140703556.0,76.53,43139960.0,23.47,183843516.0,100.0,0.0
jul-20,98529261.0,68.41,45500905.0,31.59,144030166.0,100.0,0.0
ago-20,114701460.0,72.62,43249830.0,27.38,157951290.0,100.0,0.0
sep-20,83581600.0,63.37,48302770.0,36.63,131884370.0,100.0,0.0
oct-20,111698966.0,72.02,43397500.0,27.98,155096466.0,100.0,0.0
nov-20,111230223.0,73.36,40392600.0,26.64,151622823.0,100.0,1672500318.0
dic-20,116526294.0,73.54,41932020.0,26.46,158458314.0,100.0,0.0
ene-21,106251796.0,71.15,43090540.0,28.85,149342336.0,100.0,0.0
feb-21,114084537.0,73.08,42025370.0,26.92,156109907.0,100.0,0.0
mar-21,111039445.0,67.42,53648378.0,32.58,164687822.0,100.0,0.0
abr-21,101677605.0,71.46,40601015.0,28.54,142278620.0,100.0,0.0
may-21,103105072.0,70.83,42452300.0,29.17,145557372.0,100.0,0.0
jun-21,73972804.0,61.26,46783747.0,38.74,120756551.0,100.0,0.0
jul-21,93996744.0,67.78,44680385.0,32.22,138677129.0,100.0,0.0
ago-21,109320026.0,70.44,45866693.0,29.56,155186718.0,100.0,0.0
sep-21,83724493.0,60.12,55537020.0,39.88,139261513.0,100.0,0.0
oct-21,101860317.0,70.87,41874752.0,29.13,143735069.0,100.0,0.0
nov-21,119816871.0,69.34,52991030.0,30.66,172807901.0,100.0,1786859253.0
dic-21,112643371.0,66.22,57473350.0,33.78,170116720.0,100.0,0.0
ene-22,94620663.0,64.56,51948768.0,35.44,146569431.0,100.0,0.0
feb-22,105061231.0,70.99,42942083.0,29.01,148003313.0,100.0,0.0
mar-22,93746866.0,64.43,51748426.0,35.57,145495292.0,100.0,0.0
abr-22,94614151.0,65.39,50070408.0,34.61,144684558.0,100.0,0.0
may-22,107722988.0,65.31,57210393.0,34.69,164933381.0,100.0,0.0
jun-22,81509704.0,62.33,49266645.0,37.67,130776349.0,100.0,0.0
jul-22,97246908.0,60.44,63650785.0,39.56,160897693.0,100.0,0.0
ago-22,108098282.0,63.14,63117931.0,36.86,171216213.0,100.0,0.0
sep-22,86813400.0,58.16,62449384.0,41.84,149262784.0,100.0,0.0
oct-22,92928490.0,57.38,69035462.0,42.62,161963952.0,100.0,0.0
nov-22,101405792.0,59.47,69123202.0,40.53,170528994.0,100.0,1864448680.0
dic-22,103280887.0,63.26,59981085.0,36.74,163261972.0,100.0,0.0
ene-23,97488654.0,66.34,49453907.0,33.66,146942561.0,100.0,0.0
feb-23,100874233.0,65.81,52402907.0,34.19,153277140.0,100.0,0.0
mar-23,95001767.0,56.92,71913947.0,43.08,166915714.0,100.0,0.0
abr-23,97976737.0,57.36,72818643.0,42.64,170795380.0,100.0,0.0
may-23,82859273.0,52.76,74184050.0,47.24,157043323.0,100.0,0.0
jun-23,88449506.0,58.28,63326100.0,41.72,151775606.0,100.0,0.0
jul-23,69553064.0,50.46,68288773.0,49.54,137841837.0,100.0,0.0
ago-23,101013823.0,57.63,74257500.0,42.37,175271323.0,100.0,0.0
sep-23,77802955.0,61.05,49638625.0,38.95,127441580.0,100.0,0.0
oct-23,95066401.0,61.37,59833210.0,38.63,154899611.0,100.0,0.0
nov-23,108946171.0,66.21,55594500.0,33.79,164540671.0,100.0,1870006717.0
dic-23,73012096.0,59.34,50037885.0,40.66,123049981.0,100.0,0.0
ene-24,103208821.0,63.28,59894125.0,36.72,163102946.0,100.0,0.0
feb-24,79693439.0,59.58,54054125.0,40.42,133747564.0,100.0,0.0
mar-24,80389848.0,60.3,52937625.0,39.7,133327473.0,100.0,0.0
abr-24,78824564.0,55.26,63826750.0,44.74,142651314.0,100.0,0.0
may-24,78404878.0,59.05,54369195.0,40.95,132774073.0,100.0,0.0
jun-24,67988844.0,61.06,43358625.0,38.94,111347469.0,100.0,0.0
jul-24,66609794.0,47.89,72491250.0,52.11,139101044.0,100.0,0.0
ago-24,81774592.0,59.65,55317755.0,40.35,137092347.0,100.0,0.0
sep-24,79354316.0,59.28,54514010.0,40.72,133868326.0,100.0,0.0
oct-24,91764989.0,61.7,56958765.0,38.3,148723754.0,100.0,0.0
nov-24,84280694.0,58.3,60280485.0,41.7,144561179.0,100.0,1643347470.0
dic-24,102571470.0,70.55,42818160.0,29.45,145389630.0,100.0,0.0
ene-25,89901660.0,62.26,54491525.0,37.74,144393185.0,100.0,0.0
feb-25,90068275.0,65.18,48118625.0,34.82,138186900.0,100.0,0.0
mar-25,89914137.0,64.5,49480400.0,35.5,139394537.0,100.0,0.0
abr-25,83347380.0,65.46,43987111.0,34.54,127334491.0,100.0,0.0
may-25,81915274.0,61.62,51027395.0,38.38,132942669.0,100.0,1606522416.0
jun-25,76090352.0,58.89,53114720.0,41.11,129205072.0,100.0,0.0
jul-25,89284988.0,65.13,47800953.0,34.87,137085941.0,100.0,0.0
ago-25,74786050.0,60.14,49576255.0,39.86,124362305.0,100.0,0.0
sep-25,82470255.0,66.53,41480280.0,33.47,123950535.0,100.0,
oct-25,95611926.0,66.4,48387640.0,33.6,143999566.0,100.0,0.0
nov-25,75313336.0,62.62,44964250.0,37.38,120277586.0,100.0,0.0
dic-25,100756439.0,64.59,55244765.0,35.41,156001204.0,100.0,1062335580.0
ene-26,79975395.0,61.35,50384225.0,38.65,130359620.0,100.0,0.0
feb-26,81639564.0,61.83,50398345.0,38.17,132037909.0,100.0,0.0
mar-26,87013470.0,59.79,58522880.0,40.21,145536350.0,100.0,
abr-26,73281229.0,59.1,50705413.0,40.9,123986642.0,100.0,
may-26,71033781.0,58.79,49788080.0,41.21,120821861.0,100.0,
jun-26,75427019.0,54.08,64048820.0,45.92,139475839.0,100.0,
jul-26,73859740.0,64.72,40256415.0,35.28,114116155.0,100.0,
