mes,precio_inferior,precio_promedio_ponderado,precio_superior,primer_quartil,segundo_quartil,tercer_quartil,cuarto_quartil,total_paquetes
ene-05,1.2,3.15,3.8,10648850.0,4260.0,40726854.0,93885204.0,145265168.0
feb-05,1.2,3.12,3.8,10317536.0,9860.0,40085806.0,95317691.0,145730893.0
mar-05,1.3,3.15,3.8,13530447.0,6960.0,44944567.0,107349569.0,165831543.0
abr-05,1.3,3.14,4.0,13046533.0,3530.0,60760927.0,73222666.0,147033656.0
may-05,1.3,3.14,4.0,12901453.0,3750.0,60043786.0,71539068.0,144488057.0
jun-05,1.3,3.12,4.0,14474534.0,4950.0,59242979.0,72364216.0,146086679.0
jul-05,1.3,3.12,4.0,14989820.0,53250.0,57155475.0,70798010.0,142996555.0
ago-05,1.3,3.12,4.0,16063574.0,1500.0,60533207.0,76826078.0,153424359.0
sep-05,1.0,3.11,4.0,15939139.0,1671598.0,40058621.0,96341533.0,154010891.0
oct-05,1.0,3.05,4.0,13145859.0,12200026.0,36269786.0,92140368.0,153756039.0
nov-05,1.0,2.99,4.0,10538783.0,23597757.0,35449056.0,92143513.0,161729109.0
dic-05,1.2,2.98,4.0,29524661.0,12183840.0,58199034.0,84016412.0,183923947.0
ene-06,1.2,2.93,4.0,29129399.0,12861778.0,51007045.0,69417326.0,162415548.0
feb-06,1.2,2.84,4.0,25229013.0,29220791.0,45953660.0,57225000.0,157628464.0
mar-06,1.0,2.77,4.0,8569115.0,66494454.0,45835457.0,57140143.0,178039169.0
abr-06,1.0,2.77,4.0,5716732.0,59328306.0,43706758.0,46357890.0,155109686.0
may-06,1.0,2.75,4.0,7480859.0,62434046.0,44676725.0,46787453.0,161379083.0
jun-06,1.0,2.76,4.0,7581800.0,65845020.0,46277326.0,49382602.0,169086748.0
jul-06,1.0,2.77,4.0,3901766.0,63853375.0,43379142.0,45285048.0,156419331.0
ago-06,1.0,2.82,4.0,7270190.0,53727638.0,56187500.0,50877095.0,168062423.0
sep-06,1.0,2.95,4.0,6252051.0,24642547.0,75348358.0,52394222.0,158637178.0
oct-06,1.0,2.96,4.0,6436286.0,23659969.0,79728335.0,54922205.0,164746795.0
nov-06,1.0,2.97,5.0,6347068.0,102199996.0,59500010.0,6300.0,168053374.0
dic-06,1.0,2.97,4.0,8261170.0,25247409.0,89888939.0,64135704.0,187533222.0
ene-07,1.0,3.07,4.0,3002794.0,25237460.0,82581937.0,58529995.0,169352186.0
feb-07,1.0,3.06,4.0,3028384.0,25401244.0,76683858.0,54515246.0,159628732.0
mar-07,1.0,3.06,3.9,2994149.0,29160990.0,72894521.0,79073457.0,184123117.0
abr-07,1.0,3.06,3.9,2970976.0,25303167.0,62936842.0,68884640.0,160095625.0
may-07,1.0,3.06,3.9,2930835.0,26593145.0,67492462.0,73960227.0,170976669.0
jun-07,1.0,3.12,4.0,2880966.0,23973065.0,73550461.0,52131236.0,152535728.0
jul-07,1.0,3.17,4.0,2730653.0,24313548.0,76470233.0,56049178.0,159563612.0
ago-07,1.0,3.17,4.0,2170204.0,25582587.0,84300773.0,61463540.0,173517104.0
sep-07,1.0,3.17,4.0,2047095.0,23571040.0,76334172.0,56612276.0,158564583.0
oct-07,1.0,3.18,4.0,2313604.0,27249283.0,89089773.0,64985627.0,183638287.0
nov-07,1.0,3.21,4.0,2253076.0,27791907.0,84060520.0,72603872.0,186709375.0
dic-07,1.0,3.35,4.0,1909123.0,28174978.0,59988367.0,102271838.0,192344306.0
ene-08,1.0,3.36,4.0,1939323.0,20783689.0,66283602.0,97830927.0,186837541.0
feb-08,1.0,3.38,4.0,2326040.0,18238908.0,62232710.0,95117711.0,177915369.0
mar-08,1.0,3.37,4.0,2223354.0,19409307.0,62600676.0,96567420.0,180800757.0
abr-08,1.0,3.46,4.5,2391256.0,23985145.0,88094459.0,61955734.0,176426594.0
may-08,1.0,3.48,4.5,2306086.0,22242552.0,87770314.0,61823433.0,174142385.0
jun-08,1.0,3.47,4.5,2252019.0,21379054.0,79166019.0,57122876.0,159919968.0
jul-08,1.0,3.55,4.5,1823547.0,21710725.5,80864267.35,77115846.4,181514386.0
ago-08,1.0,3.66,4.5,2291863.0,15363796.0,60500240.0,89395270.0,167551169.0
sep-08,1.0,3.66,4.5,1784635.0,16058251.0,63271924.0,92738639.0,173853449.0
oct-08,1.0,3.77,5.2,1698388.0,24940993.0,108580357.0,57840745.0,193060483.0
nov-08,1.0,3.85,5.2,1748630.0,22719625.0,89283039.0,59274942.0,173026236.0
dic-08,1.0,3.86,5.2,1603715.0,28861316.0,114875275.0,77305064.0,222645370.0
ene-09,1.0,3.89,5.2,1965596.0,23440659.0,89149777.0,70258767.0,184814799.0
feb-09,1.0,4.19,5.0,1800065.0,586084.0,76121067.0,84628771.0,163135987.0
mar-09,1.2,4.18,8.0,4485917.0,137880099.0,42427656.0,42850.0,184836522.0
abr-09,1.2,4.38,8.0,6134741.0,104648354.0,74545208.0,1890.0,185330193.0
may-09,1.2,4.44,8.0,1737190.0,91415293.0,70615610.0,43540.0,163811633.0
jun-09,1.2,4.42,8.0,1736268.0,90281758.0,68822587.0,30200.0,160870813.0
jul-09,1.2,4.47,8.0,1864919.0,94371075.0,78584034.0,75259.0,174895287.0
ago-09,1.2,4.67,8.0,2103071.0,74588536.0,87324296.0,9057.0,164024960.0
sep-09,1.2,4.68,5.63,244069.0,3449714.0,76920270.0,93005149.0,173619202.0
oct-09,1.7,4.68,5.63,1932385.0,15931585.0,66888164.0,98266237.0,183018371.0
nov-09,1.7,4.86,9.0,7316512.0,131085500.0,31607030.0,6972.0,170016014.0
dic-09,1.7,4.93,8.0,1870366.0,93982733.0,115554219.0,127.0,211407445.0
ene-10,1.7,4.92,8.0,1919463.0,77195514.0,93482374.0,90.0,172597441.0
feb-10,1.7,4.94,8.0,1836382.0,75624566.0,93706000.0,389108.0,171556056.0
mar-10,1.7,5.17,8.0,2048131.0,27568179.0,162769508.0,101113.0,192486931.0
abr-10,1.7,5.18,7.0,1856149.0,15786164.0,107638135.0,35903398.0,161183846.0
may-10,1.7,5.24,8.0,1318710.0,20173221.0,139118824.0,2748346.0,163359101.0
jun-10,1.6,5.47,7.5,1438769.0,18236737.0,128414604.0,14232652.0,162322762.0
jul-10,1.6,5.47,7.5,1375509.0,18539560.0,132747795.0,14286281.0,166949145.0
ago-10,1.6,5.48,7.5,1450344.0,18413810.0,135250541.0,14357871.0,169472566.0
sep-10,2.4,5.54,8.0,1956295.0,20327282.0,148916504.0,2396039.0,173596120.0
oct-10,2.0,5.96,7.5,1207335.0,16828134.0,74876221.0,74689148.0,167600838.0
nov-10,2.0,5.98,7.5,1201651.0,16786006.0,78946838.0,79944809.0,176879304.0
dic-10,1.7,5.98,7.5,1301408.0,16617833.0,96648517.0,95534190.0,210101948.0
ene-11,1.7,5.97,7.5,1422696.0,14461663.0,85753002.0,81926086.0,183563447.0
feb-11,2.0,6.32,8.0,1325000.0,16154655.0,91846463.0,58072334.0,167398452.0
mar-11,2.0,6.47,8.0,1259430.0,16963120.0,86365127.0,87896781.0,192484458.0
abr-11,2.0,6.47,8.0,1367740.0,15253611.0,76988020.0,80686960.0,174296331.0
may-11,2.0,6.48,8.0,1269438.0,15346881.0,76656387.0,81364970.0,174637676.0
jun-11,2.0,6.61,8.5,1410732.0,16198404.0,83724658.0,68478496.0,169812290.0
jul-11,2.0,6.74,8.5,1201288.0,15284193.0,69682756.0,76541710.0,162709947.0
ago-11,2.0,6.52,8.5,11118832.0,16678761.0,76674857.0,82620706.0,187093156.0
sep-11,2.0,6.74,8.5,1453938.0,16838591.0,77097855.0,85091997.0,180482381.0
oct-11,2.0,6.76,8.75,1235890.0,15946057.0,95373640.0,62962766.0,175518353.0
nov-11,2.0,7.23,9.0,1438404.0,15173239.0,82968563.0,78671925.0,178252131.0
dic-11,2.0,7.28,9.0,1208720.4,16698219.3,91364860.0,98416846.88,207688647.0
ene-12,2.0,7.28,9.0,1324743.6,13829220.1,82909617.5,86145412.32,184208994.0
feb-12,2.0,7.28,9.0,1217195.6,13992388.0,81008595.0,83881502.97,180099682.0
mar-12,2.0,7.66,9.5,1482085.0,16753426.35,77215253.0,100383802.62,195834567.0
abr-12,2.0,7.88,9.5,1263650.0,12187411.5,53772273.15,97945456.77,165168791.0
may-12,2.0,7.89,9.5,1177714.0,13153578.0,57230143.55,106127659.87,177689095.0
jun-12,2.0,7.9,9.5,1373390.0,12806727.0,55733782.0,103103850.0,173017749.0
jul-12,2.0,8.0,10.0,1240720.0,13160958.0,72617215.0,72706121.0,159725014.0
ago-12,2.0,8.03,10.0,1286100.0,13974201.0,80972935.0,84023479.0,180256715.0
sep-12,2.0,8.09,10.5,1253360.0,12769269.0,68707507.0,79576820.0,162306956.0
oct-12,2.0,8.51,11.0,1437020.0,15402681.0,81815946.0,83204786.0,181860433.0
nov-12,2.0,8.56,11.0,1321480.0,14746739.0,81225503.0,86642551.0,183936273.0
dic-12,2.0,8.58,11.0,1381418.0,15161743.0,83882655.0,95821124.0,196246939.0
ene-13,2.0,8.93,11.0,1416880.0,8885444.0,65200336.0,103008043.0,178510703.0
feb-13,2.0,9.03,11.0,1494160.0,7169398.0,56408121.0,100909378.0,165981057.0
Mzo-13,2.0,9.05,11.0,1366458.0,8378007.0,62463397.0,114917003.0,187124865.0
abr-13,2.0,9.09,11.5,1420980.0,6404576.0,78508666.0,79695641.0,166029863.0
may-13,2.0,9.51,12.0,1566290.0,6785487.0,80880092.0,76442281.0,165674150.0
jun-13,2.0,9.51,12.0,1379920.0,7019921.0,76958019.0,75202021.0,160559881.0
jul-13,2.0,9.53,12.0,1356863.0,6001171.0,81991899.0,76148199.0,165498132.0
ago-13,2.0,9.55,12.0,1109814.0,6712404.0,87039389.0,82850050.0,177711657.0
sep-13,2.0,9.84,13.0,1607420.0,8217751.0,87367182.0,62510073.0,159702426.0
oct-13,2.0,10.51,13.0,1657280.0,1284648.0,68433243.0,110391525.0,181766696.0
nov-13,2.0,10.52,13.0,1352118.0,1307073.0,63292442.0,109180941.0,175132574.0
dic-13,2.0,10.54,16.36,1682618.0,15921522.0,187325931.0,186.077,205116148.0
ene-14,2.0,10.56,13.0,1471160.0,1314880.0,74776150.0,135602801.0,213164991.0
feb-14,2.0,11.42,14.0,1718270.0,1158975.0,58264435.0,91209167.0,152350847.0
mar-14,2.0,11.51,14.0,1368750.0,461.25,58946504.0,103956447.0,164732951.0
abr-14,2.0,11.6,16.5,1430690.0,12382254.0,162754924.0,17458896.0,194026764.0
may-14,2.0,14.43,17.0,1805949.0,541.932,10873810.0,125221871.0,138443562.0
jun-14,2.8,14.36,17.0,3261420.0,403.642,11280984.0,140943294.0,155889340.0
jul-14,2.8,14.37,17.0,3582970.0,525.266,12043800.0,157495965.0,173648001.0
ago-14,2.8,15.03,19.0,3228510.0,553.134,60709691.0,98793668.0,163285003.0
sep-14,3.0,16.23,19.0,4911110.0,147.381,11404013.0,147635973.0,164098477.0
oct-14,3.0,16.26,19.0,4901370.0,454.19,12527416.0,168286132.0,186169108.0
nov-14,3.0,16.36,19.0,3316290.0,401.981,10975774.0,153214918.0,167908963.0
dic-14,3.0,17.42,22.0,3613215.0,599.893,79616658.0,111779076.0,195608842.0
ene-15,3.0,18.68,22.0,2353570.0,665.278,9809737.0,152099742.0,164928327.0
feb-15,3.0,18.56,22.0,4097520.0,244.269,10006500.0,148629458.0,162977747.0
mar-15,3.0,18.83,24.0,2144817.0,516.63,48347394.0,133523730.0,184532571.0
abr-15,3.0,20.3,24.0,4319570.0,516.72,9800338.0,150521202.0,165157830.0
may-15,3.0,20.21,24.0,5454864.0,505.074,9299960.0,147176109.0,162436007.0
jun-15,3.0,21.54,27.5,7245402.0,6330512.0,32395471.0,104428335.0,150399720.0
jul-15,3.0,21.92,27.0,4721060.0,3732675.0,53170999.0,111306950.0,172931684.0
ago-15,3.0,21.97,27.0,3969280.0,3495500.0,50035514.0,104613329.0,162113623.0
sep-15,6.04,23.21,29.0,8097531.0,540.797,58230305.0,90870700.0,157739333.0
oct-15,3.0,24.11,29.0,1981000.0,3332788.0,9447900.0,152528177.0,167289865.0
nov-15,3.0,23.87,29.0,4390000.0,3606795.0,8834135.0,154057067.0,170887997.0
dic-15,3.0,24.04,29.0,3614500.0,4008450.0,11330392.0,190746698.0,209700040.0
ene-16,7.09,23.94,29.0,6912585.0,42.637,48032537.0,107454220.0,162441979.0
feb-16,7.07,25.47,32.0,7734245.0,13.101,47081953.0,100331759.0,155161058.0
mar-16,3.0,25.78,32.0,3396000.0,4937403.0,9474500.0,152042845.0,169850748.0
abr-16,7.0,25.88,32.0,7494725.0,99.5,52219656.0,117242698.0,177056579.0
may-16,10.2,39.09,50.0,5737985.0,7444718.0,44347873.0,41051289.0,98581865.0
jun-16,10.2,38.61,48.0,7502910.0,12012319.0,2360715.0,118822034.0,140697978.0
jul-16,38.33,38.61,48.0,7820650.0,12016130.0,3724561.0,103495786.0,127057127.0
ago-16,13.19,38.46,50.0,8526065.0,18114834.0,72878120.0,55715836.0,155234855.0
sep-16,13.19,39.45,50.0,10157125.0,18098630.0,3753285.0,108041740.0,140050780.0
oct-16,13.19,39.54,50.0,9079875.0,18844270.0,4853245.0,110164691.0,142942081.0
nov-16,15.5,40.97,52.0,11112625.0,20196616.0,11589877.0,109429067.0,152328184.0
dic-16,15.5,41.25,52.0,11176895.0,22296162.0,13124506.0,126083263.0,172680827.0
ene-17,15.5,41.25,52.0,12597640.0,21351271.0,13540875.0,117006968.0,164496755.0
feb-17,15.5,42.24,55.0,12840523.0,8345864.0,37547776.0,75739455.0,134473618.0
mar-17,15.5,42.24,55.0,14743880.0,5149704.0,33025561.0,111523825.0,164442970.0
abr-17,16.4,44.11,57.0,14062280.0,10018019.0,32983187.0,85745385.0,142808871.0
may-17,16.5,45.19,57.0,13773020.0,5984279.0,28703398.0,98600506.0,147061203.0
jun-17,16.5,45.36,57.0,12715900.0,5779385.0,28678781.0,97540752.0,144714817.0
jul-17,16.5,46.57,59.0,12965010.0,1790589.0,34356148.0,84359772.0,133471518.0
ago-17,16.5,47.33,59.0,12790725.0,750.303,36986826.0,103431607.0,153959462.0
sep-17,16.5,47.6,59.0,11986312.0,776.987,35584157.0,107643356.0,155990812.0
oct-17,16.5,48.46,61.0,13713804.0,1437015.0,29885358.0,90780234.0,135816411.0
nov-17,16.5,48.93,61.0,14232670.0,838.912,33379948.0,107234239.0,155685768.0
dic-17,16.5,49.08,61.0,13999640.0,718.226,35780911.0,113911998.0,164410775.0
abr-18,12.0,52.34,66.0,1414375.0,12851734.0,37310347.0,93397217.0,144973673.0
may-18,19.0,53.33,66.0,16120385.0,40.748,35202209.0,96984235.0,148347577.0
jun-18,12.0,53.14,66.0,2102013.0,14189378.0,28526499.0,90578565.0,135396456.0
jul-18,19.0,54.44,70.0,17465447.0,8.358,40561404.0,76146768.0,134181977.0
ago-18,19.5,56.24,70.0,15913585.0,0.0,34552511.0,96604810.0,147070906.0
sep-18,19.5,61.08,74.0,2200794.0,8341320.0,31623267.0,79356798.0,121522179.0
oct-18,21.5,60.98,74.0,3682742.0,12176774.0,39132229.0,107546476.0,162538221.0
nov-18,20.0,64.57,80.0,9340745.0,6765290.0,38621528.0,86245626.0,140973190.0
dic-18,21.5,66.03,80.0,2935085.0,13941044.0,26811718.0,106601269.0,150289116.0
may-19,28.2,76.17,102.0,19218653.0,3294307.0,75363200.0,51493881.0,149370039.0
jul-19,28.0,77.44,102.0,21371901.0,55.699,49705901.0,66909418.0,138042919.0
ago-19,29.0,81.46,110.0,23799949.0,1533257.0,59648492.0,64029345.0,149011043.0
sep-19,29.0,86.58,120.0,23911521.0,1102729.0,47637068.0,57253254.0,129904572.0
oct-19,37.0,90.39,130.0,29662008.0,4285274.0,82909489.0,26142191.0,142998961.0
nov-19,30.0,95.58,145.0,25846952.0,11740681.0,79112153.0,24829337.0,141529123.0
dic-19,30.0,104.07,145.0,19190664.0,4420410.0,82288322.0,39216967.0,145116362.0
Ene-20,30.0,102.8,153.0,29405940.0,4592106.0,60364932.0,50866534.0,145229512.0
Feb-20,30.0,105.38,153.0,25728255.0,1569585.0,54724044.0,54130964.0,136152849.0
Mar-20,30.0,110.33,163.0,20634953.0,2544314.0,57219537.0,37851456.0,118250260.0
Abr-20,29.4,120.72,163.0,3263060.0,1780937.0,28637492.0,28137114.0,61818602.0
May-20,29.4,112.18,163.0,20203690.0,1724140.0,69710262.0,49869010.0,141507102.0
Jun-20,29.4,115.69,173.0,30063354.0,15436932.0,71192129.0,67151101.0,183843516.0
Jul-20,37.5,109.51,173.0,43354335.0,2144291.0,54281868.0,44249672.0,144030166.0
Ago-20,37.5,113.64,173.0,40984010.0,2260250.0,62386968.0,52320062.0,157951290.0
Sep-20,37.5,113.08,186.0,47780525.0,754.751,48739771.0,34609322.0,131884370.0
Oct-20,37.5,120.75,168.0,42926542.0,451.356,65759426.0,45959142.0,155096466.0
Nov-20,39.4,124.34,200.0,40137895.0,4755684.0,78741918.0,27987327.0,151622823.0
Dic-20,39.4,130.54,200.0,41761165.0,163.915,66081439.0,50451796.0,158458314.0
Ene-21,39.4,133.39,218.0,42864425.0,3225164.0,71417937.0,31834810.0,149342336.0
Feb-21,39.4,139.07,235.0,41834069.0,7623052.0,87138066.0,19514721.0,156109907.0
Mar-21,39.4,142.17,235.0,53381788.0,1941131.0,61734438.0,47630466.0,164687822.0
Abr-21,39.4,149.2,235.0,40313420.0,277.643,51792336.0,49895221.0,142278620.0
May-21,43.75,147.69,235.0,42252665.0,191.223,55047377.0,48066107.0,145557372.0
Jun-21,43.75,144.62,255.0,46730247.0,446.681,41449129.0,32130495.0,120756551.0
jul-21,43.75,154.76,255.0,44645132.0,21.883,47959898.0,46050217.0,138677129.0
Ago-21,43.75,158.02,255.0,45840943.0,21.702,56725688.0,52598386.0,155186718.0
sep-21,43.75,153.31,275.0,55534270.0,668.537,45574523.0,37484184.0,139261513.0
Oct-21,45.0,169.74,275.0,41872002.0,-1.025,52028430.0,49835661.0,143735069.0
Nov-21,38.0,166.86,275.0,52953377.0,33.231,61674834.0,58146459.0,172807901.0
Dic-21,36.0,172.4,290.0,57451305.0,18.19,58063015.0,54584211.0,170116720.0
Ene-22,38.0,169.4,290.0,51914518.0,32.662,48212587.0,46409664.0,146569431.0
Feb-22,38.0,181.56,310.0,42920083.0,21.426,83940914.0,21120891.0,148003313.0
Mar-22,38.0,184.04,310.0,51724926.0,20.94,48184899.0,45564527.0,145495292.0
Abr-22,30.0,184.37,310.0,50039358.0,30.46,38994713.0,55620028.0,144684558.0
May-22,38.0,190.63,350.0,57209143.0,-530.0,79288184.0,28436584.0,164933381.0
Jun-22,38.0,200.08,350.0,49264895.0,0.0,28515405.0,52996049.0,130776349.0
Jul-22,43.5,200.35,400.0,63650275.0,-3.243,74849899.0,22400762.0,160897693.0
Ago-22,43.5,221.05,400.0,63116431.0,0.0,59368840.0,48730942.0,171216213.0
Sep-22,45.5,232.61,455.0,62447884.0,-1.0,54009156.0,32806744.0,149262784.0
Oct - 22,43.5,236.8,455.0,69031962.0,0.0,50244383.0,42687608.0,161963952.0
Nov-22,43.5,254.12,530.0,69119952.0,8792727.0,65014014.0,27602301.0,170528994.0
Dic-22,46.0,292.66,560.0,59980085.0,-300.0,80085481.0,23196706.0,163261972.0
Ene-23,46.0,318.9,640.0,49450157.0,6960084.0,77922480.0,12609840.0,146942561.0
Feb-23,49.5,330.95,690.0,52401007.0,11899815.0,74810072.0,14166246.0,153277140.0
Mar-23,48.85,343.26,720.0,71906947.0,806.629,53579511.0,40622627.0,166915714.0
Abr-23,49.5,348.04,720.0,72814673.0,-79.0,55591349.0,42389437.0,170795380.0
May-23,51.95,356.84,820.0,74182550.0,744.044,52678897.0,29437832.0,157043323.0
Jun-23,51.95,404.8,820.0,63326100.0,-10.0,48963286.0,39486231.0,151775606.0
Jul-23,52.15,395.03,940.0,68283773.0,753.95,55792340.0,13011775.0,137841837.0
Ago-23,52.15,450.99,1020.0,74257341.0,10379495.0,70601249.0,20033238.0,175271323.0
Sep-23,52.15,534.68,1020.0,49638747.0,4.635,33823252.0,43974945.0,127441580.0
Oct-23,52.15,571.01,1190.0,59833210.0,6884408.0,57600937.0,30581056.0,154899611.0
Nov-23,52.15,667.11,1320.0,55594500.0,11174224.0,68993695.0,28778252.0,164540671.0
Dic-23,52.15,733.99,1654.55,50037885.0,5038639.0,53024050.0,14949407.0,123049981.0
Ene-24,120.0,912.31,2145.45,59894125.0,25203280.0,70437899.0,7567642.0,163102946.0
Feb-24,120.0,1107.26,2670.0,54052954.0,20470350.0,55076521.0,4147739.0,133747564.0
Mar-24,147.1,1325.19,2670.0,52937535.0,1227236.0,47221994.0,31940707.0,133327473.0
Abr-24,147.1,1359.22,3380.0,63826642.0,22074838.0,52874534.0,3875300.0,142651314.0
May-24,147.1,1541.44,3100.0,54356920.0,-16.751,49425359.0,29008545.0,132774073.0
Jun-24,400.0,1669.85,3400.0,43364625.0,-1.96,32619221.0,35365583.0,111347469.0
Jul-24,207.0,1507.26,4080.0,72491129.0,27851895.0,30606108.0,8151911.0,139101044.0
Ago-24,417.92,1758.02,5000.0,66516499.0,42170561.0,26760141.0,1645146.0,137092347.0
Sep-24,417.92,1733.55,5000.0,69433946.0,36799167.0,25966841.0,1668372.0,133868326.0
Oct-24,417.92,1744.56,4080.0,56958765.0,44839926.0,31386504.0,15538560.0,148723754.0
Nov-24,317.92,1743.53,4330.0,60280485.0,42080970.0,30473709.0,11726015.0,144561179.0
Dic-24,317.92,2029.27,4330.0,42818160.0,50856916.0,35215983.0,16498571.0,145389630.0
Ene-25,349.0,1927.61,4530.0,54491525.0,38725227.0,34083502.0,17092931.0,144393185.0
Feb-25,349.0,2004.26,4530.0,48118625.0,35705106.0,32142437.0,22220732.0,138186900.0
Mar-25,349.0,1987.33,4680.0,49480400.0,48661658.0,27504660.0,13747819.0,139394537.0
Abr-25,349.0,2121.2,4730.0,43987111.0,35944546.0,25187919.0,22214915.0,127334491.0
May-25,349.0,2024.94,4730.0,51027395.0,36208847.0,23978461.0,21727965.0,132942669.0
Jun-25,349.0,2078.53,5000.0,53114720.0,36689817.0,20501887.0,18898647.0,129205072.0
Jul-25,369.0,2246.07,5000.0,47800953.0,40017413.0,23018263.0,26249313.0,137085941.0
Ago-25,349.0,2255.51,5250.0,49576255.0,33955547.0,20470351.0,20360152.0,124362305.0
Sep-25,349.0,2461.6,5550.0,41480280.0,38007982.0,30111485.0,14350788.0,123950535.0
Oct-25,369.0,2579.15,5550.0,48387640.0,44691553.0,27696501.0,23223872.0,143999566.0
Nov-25,369.0,2505.49,5550.0,44687375.0,35743480.0,18551319.0,21295412.0,120277586.0
Dic-25,369.0,2668.51,5850.0,55244755.0,47294231.0,31835209.0,21627009.0,156001204.0
Ene-26,389.0,2582.04,5850.0,50384225.0,39425079.0,18617889.0,21932427.0,130359620.0
Feb-26,389.0,2582.5,5850.0,50398345.0,40667384.0,18359192.0,22612988.0,132037909.0
Mar-26,389.0,2590.69,6150.0,62158800.0,35698177.0,24556383.0,23122990.0,145536350.0
abril 26,389.0,2634.61,6150.0,50705413.0,29508627.0,24076987.0,19695615.0,123986642.0
May-26,389.0,2611.91,6150.0,49788080.0,29426319.0,22353591.0,19253871.0,120821861.0
Jun-26,389.0,2572.43,6450.0,64048820.0,34162211.0,16831546.0,24433263.0,139475839.0
Jul-26,450.0,2979.71,6450.0,40256415.0,30729459.0,23405198.0,19725083.0,114116155.0
ene-08,1.04,11.12,35.48,52.36,100.0,,,
feb-08,1.31,10.25,34.98,53.46,100.0,,,
mar-08,1.23,10.74,34.62,53.41,100.0,,,
abr-08,1.36,13.59,49.93,35.12,100.0,,,
may-08,1.32,12.77,50.4,35.5,100.0,,,
jun-08,1.41,13.37,49.5,35.72,100.0,,,
jul-08,1.0,11.96,44.55,42.48,100.0,,,
ago-08,1.37,9.17,36.11,53.35,100.0,,,
sep-08,1.03,9.24,36.39,53.34,100.0,,,
oct-08,0.88,12.92,56.24,29.96,100.0,,,
nov-08,1.01,13.13,51.6,34.26,100.0,,,
dic-08,0.72,12.96,51.6,34.72,100.0,,,
ene-09,1.06,12.68,48.24,38.02,100.0,,,
feb-09,1.1,0.36,46.66,51.88,100.0,,,
mar-09,2.43,74.6,22.95,0.02,100.0,,,
abr-09,3.31,56.47,40.22,0.0,100.0,,,
may-09,1.06,55.81,43.11,0.03,100.0,,,
jun-09,1.08,56.12,42.78,0.02,100.0,,,
jul-09,1.07,53.96,44.93,0.04,100.0,,,
ago-09,1.28,45.47,53.24,0.01,100.0,,,
sep-09,0.14,1.99,44.3,53.57,100.0,,,
oct-09,1.06,8.7,36.55,53.69,100.0,,,
nov-09,4.3,77.1,18.59,0.0,100.0,,,
dic-09,0.88,44.46,54.66,0.0,100.0,,,
ene-10,1.11,44.73,54.16,0.0,100.0,,,
feb-10,1.07,44.08,54.62,0.23,100.0,,,
mar-10,1.06,14.32,84.56,0.05,100.0,,,
abr-10,1.15,9.79,66.78,22.27,100.0,,,
may-10,0.81,12.35,85.16,1.68,100.0,,,
jun-10,0.89,11.23,79.11,8.77,100.0,,,
jul-10,0.82,11.1,79.51,8.56,100.0,,,
ago-10,0.86,10.87,79.81,8.47,100.0,,,
sep-10,1.13,11.71,85.78,1.38,100.0,,,
oct-10,0.72,10.04,44.68,44.56,100.0,,,
nov-10,0.68,9.49,44.63,45.2,100.0,,,
dic-10,0.62,7.91,46.0,45.47,100.0,,,
ene-11,0.78,7.88,46.72,44.63,100.0,,,
feb-11,0.79,9.65,54.87,34.69,100.0,,,
mar-11,0.65,8.81,44.87,45.66,100.0,,,
abr-11,0.78,8.75,44.17,46.29,100.0,,,
may-11,0.73,8.79,43.89,46.59,100.0,,,
jun-11,0.83,9.54,49.3,40.33,100.0,,,
jul-11,0.74,9.39,42.83,47.04,100.0,,,
ago-11,5.94,8.91,40.98,44.16,100.0,,,
sep-11,0.81,9.33,42.72,47.15,100.0,,,
oct-11,0.7,9.09,54.34,35.87,100.0,,,
nov-11,0.81,8.51,46.55,44.14,100.0,,,
dic-11,0.58,8.04,43.99,47.39,100.0,,,
ene-12,0.72,7.51,45.01,46.77,100.0,,,
feb-12,0.68,7.77,44.98,46.58,100.0,,,
mar-12,0.76,8.55,39.43,51.26,100.0,,,
abr-12,0.77,7.38,32.56,59.3,100.0,,,
may-12,0.66,7.4,32.21,59.73,100.0,,,
jun-12,0.79,7.4,32.21,59.59,100.0,,,
jul-12,0.78,8.24,45.46,45.52,100.0,,,
ago-12,0.71,7.75,44.92,46.61,100.0,,,
sep-12,0.77,7.87,42.33,49.03,100.0,,,
oct-12,0.79,8.47,44.99,45.75,100.0,,,
nov-12,0.72,8.02,44.16,47.1,100.0,,,
dic-12,0.7,7.73,42.74,48.83,100.0,,,
ene-13,0.79,4.98,36.52,57.7,100.0,,,
feb-13,0.9,4.32,33.98,60.8,100.0,,,
Mzo-13,0.73,4.48,33.38,61.41,100.0,,,
abr-13,0.86,3.86,47.29,48.0,100.0,,,
may-13,0.95,4.1,48.82,46.14,100.0,,,
jun-13,0.86,4.37,47.93,46.84,100.0,,,
jul-13,0.82,3.63,49.54,46.01,100.0,,,
ago-13,0.62,3.78,48.98,46.62,100.0,,,
sep-13,1.01,5.15,54.71,39.14,100.0,,,
oct-13,0.91,0.71,37.65,60.73,100.0,,,
nov-13,0.77,0.75,36.14,62.34,100.0,,,
dic-13,0.82,7.76,91.33,0.09,100.0,,,
ene-14,0.69,0.62,35.08,63.61,100.0,,,
feb-14,1.13,0.76,38.24,59.87,100.0,,,
mar-14,0.83,0.28,35.78,63.11,100.0,,,
abr-14,0.74,6.38,83.88,9.0,100.0,,,
may-14,1.3,0.39,7.85,90.45,100.0,,,
jun-14,2.09,0.26,7.24,90.41,100.0,,,
jul-14,2.06,0.3,6.94,90.7,100.0,,,
ago-14,1.98,0.34,37.18,60.5,100.0,,,
sep-14,2.99,0.09,6.95,89.97,100.0,,,
oct-14,2.63,0.24,6.73,90.39,100.0,,,
nov-14,1.98,0.24,6.54,91.25,100.0,,,
dic-14,1.85,0.31,40.7,57.14,100.0,,,
ene-15,1.43,0.4,5.95,92.22,100.0,,,
feb-15,2.51,0.15,6.14,91.2,100.0,,,
mar-15,1.16,0.28,26.2,72.36,100.0,,,
abr-15,2.62,0.31,5.93,91.14,100.0,,,
may-15,3.36,0.31,5.73,90.61,100.0,,,
jun-15,4.82,4.21,21.54,69.43,100.0,,,
jul-15,2.73,2.16,30.75,64.36,100.0,,,
ago-15,2.45,2.16,30.86,64.53,100.0,,,
sep-15,5.13,0.34,36.92,57.61,100.0,,,
oct-15,1.18,1.99,5.65,91.18,100.0,,,
nov-15,2.57,2.11,5.17,90.15,100.0,,,
dic-15,1.72,1.91,5.4,90.96,100.0,,,
ene-16,4.26,0.03,29.57,66.15,100.0,,,
feb-16,4.98,0.01,30.34,64.66,100.0,,,
mar-16,2.0,2.91,5.58,89.52,100.0,,,
abr-16,4.23,0.06,29.49,66.22,100.0,,,
may-16,5.82,7.55,44.99,41.64,100.0,,,
jun-16,5.33,8.54,1.68,84.45,100.0,,,
jul-16,6.16,9.46,2.93,81.46,100.0,,,
ago-16,5.49,11.67,46.95,35.89,100.0,,,
sep-16,7.25,12.92,2.68,77.14,100.0,,,
oct-16,6.35,13.18,3.4,77.07,100.0,,,
nov-16,7.3,13.26,7.61,71.84,100.0,,,
dic-16,6.47,12.91,7.6,73.02,100.0,,,
ene-17,7.66,12.98,8.23,71.13,100.0,,,
feb-17,9.55,6.21,27.92,56.32,100.0,,,
mar-17,8.97,3.13,20.08,67.82,100.0,,,
abr-17,9.85,7.01,23.1,60.04,100.0,,,
may-17,9.37,4.07,19.52,67.05,100.0,,,
jun-17,8.79,3.99,19.82,67.4,100.0,,,
jul-17,9.71,1.34,25.74,63.2,100.0,,,
ago-17,8.31,0.49,24.02,67.18,100.0,,,
sep-17,7.68,0.5,22.81,69.01,100.0,,,
oct-17,10.1,1.06,22.0,66.84,100.0,,,
nov-17,9.14,0.54,21.44,68.88,100.0,,,
dic-17,8.52,0.44,21.76,69.28,100.0,,,
ene-18,8.67,0.0,24.22,67.11,100.0,,,
feb-18,11.7,0.0,23.01,65.29,100.0,,,
mar-18,7.48,0.0,23.91,68.6,100.0,,,
abr-18,0.98,8.86,25.74,64.42,100.0,,,
may-18,10.87,0.03,23.73,65.38,100.0,,,
jun-18,1.55,10.48,21.07,66.9,100.0,,,
jul-18,13.02,0.01,30.23,56.75,100.0,,,
ago-18,10.82,0.0,23.49,65.69,100.0,,,
sep-18,1.81,6.86,26.02,65.3,100.0,,,
oct-18,2.27,7.49,24.08,66.17,100.0,,,
nov-18,6.63,4.8,27.4,61.18,100.0,,,
dic-18,1.95,9.28,17.84,70.93,100.0,,,
ene-19,10.1,1.1,37.16,51.63,100.0,,,
feb-19,11.3,0.0,38.63,50.07,100.0,,,
mar-19,16.16,0.0,15.18,68.66,100.0,,,
abr-19,10.45,0.0,34.94,54.62,100.0,,,
may-19,12.87,2.21,50.45,34.47,100.0,,,
jun-19,15.14,0.0,36.34,48.53,100.0,,,
jul-19,15.48,0.04,36.01,48.47,100.0,,,
ago-19,15.97,1.03,40.03,42.97,100.0,,,
sep-19,18.41,0.85,36.67,44.07,100.0,,,
oct-19,20.74,3.0,57.98,18.28,100.0,,,
nov-19,18.26,8.3,55.9,17.54,100.0,,,
dic-19,13.22,3.05,56.71,27.02,100.0,,,
ene-20,20.25,3.16,41.57,35.02,100.0,,,
feb-20,18.9,1.15,40.19,39.76,100.0,,,
mar-20,17.45,2.15,48.39,32.01,100.0,,,
abr-20,5.28,2.88,46.33,45.52,100.0,,,
may-20,14.28,1.22,49.26,35.24,100.0,,,
jun-20,16.35,8.4,38.72,36.53,100.0,,,
jul-20,30.1,1.49,37.69,30.72,100.0,,,
ago-20,25.95,1.43,39.5,33.12,100.0,,,
sep-20,36.23,0.57,36.96,26.24,100.0,,,
oct-20,27.68,0.29,42.4,29.63,100.0,,,
nov-20,26.47,3.14,51.93,18.46,100.0,,,
dic-20,26.35,0.1,41.7,31.84,100.0,,,
ene-21,28.7,2.16,47.82,21.32,100.0,,,
feb-21,26.8,4.88,55.82,12.5,100.0,,,
mar-21,32.41,1.18,37.49,28.92,100.0,,,
abr-21,28.33,0.2,36.4,35.07,100.0,,,
may-21,29.03,0.13,37.82,33.02,100.0,,,
jun-21,38.7,0.37,34.32,26.61,100.0,,,
jul-21,32.19,0.02,34.58,33.21,100.0,,,
ago-21,29.54,0.01,36.55,33.89,100.0,,,
sep-21,39.88,0.48,32.73,26.92,100.0,,,
oct-21,29.13,0.0,36.2,34.67,100.0,,,
nov-21,30.64,0.02,35.69,33.65,100.0,,,
dic-21,33.77,0.01,34.13,32.09,100.0,,,
ene-22,35.42,0.02,32.89,31.66,100.0,,,
feb-22,29.0,0.01,56.72,14.27,100.0,,,
mar-22,35.55,0.01,33.12,31.32,100.0,,,
abr-22,34.59,0.02,26.95,38.44,100.0,,,
may-22,34.69,0.0,48.07,17.24,100.0,,,
jun-22,37.67,0.0,21.8,40.52,100.0,,,
jul-22,39.56,0.0,46.52,13.92,100.0,,,
ago-22,36.86,0.0,34.67,28.46,100.0,,,
sep-22,41.84,0.0,36.18,21.98,100.0,,,
oct-22,42.62,0.0,31.02,26.36,100.0,,,
nov-22,40.53,5.16,38.12,16.19,100.0,,,
dic-22,36.74,0.0,49.05,14.21,100.0,,,
ene-23,33.65,4.74,53.03,8.58,100.0,,,
feb-23,34.19,7.76,48.81,9.24,100.0,,,
mar-23,43.08,0.48,32.1,24.34,100.0,,,
abr-23,42.63,0.0,32.55,24.82,100.0,,,
may-23,47.24,0.47,33.54,18.75,100.0,,,
jun-23,41.72,0.0,32.26,26.02,100.0,,,
jul-23,49.54,0.55,40.48,9.44,100.0,,,
ago-23,42.37,5.92,40.28,11.43,100.0,,,
sep-23,38.95,0.0,26.54,34.51,100.0,,,
oct-23,38.63,4.44,37.19,19.74,100.0,,,
nov-23,33.79,6.79,41.93,17.49,100.0,,,
dic-23,40.66,4.09,43.09,12.15,100.0,,,
ene-24,36.72,15.45,43.19,4.64,100.0,,,
feb-24,40.41,15.31,41.18,3.1,100.0,,,
mar-24,39.7,0.92,35.42,23.96,100.0,,,
abr-24,44.74,15.47,37.07,2.72,100.0,,,
may-24,40.94,-0.01,37.23,21.85,100.0,,,
jun-24,38.95,0.0,29.29,31.76,100.0,,,
jul-24,52.11,20.02,22.0,5.86,100.0,,,
ago-24,48.52,30.76,19.52,1.2,100.0,,,
sep-24,51.87,27.49,19.4,1.25,100.0,,,
oct-24,38.3,30.15,21.1,10.45,100.0,,,
nov-24,41.7,29.11,21.08,8.11,100.0,,,
dic-24,29.45,34.98,24.22,11.35,100.0,,,
ene-25,37.74,26.82,23.6,11.84,100.0,,,
feb-25,34.82,25.84,23.26,16.08,100.0,,,
mar-25,35.5,34.91,19.73,9.86,100.0,,,
abr-25,34.54,28.23,19.78,17.45,100.0,,,
may-25,38.38,27.24,18.04,16.34,100.0,,,
jun-25,41.11,28.4,15.87,14.63,100.0,,,
jul-25,34.87,29.19,16.79,19.15,100.0,,,
ago-25,39.86,27.3,16.46,16.37,100.0,,,
sep-25,33.47,30.66,24.29,11.58,100.0,,,
oct-25,33.6,31.04,19.23,16.13,100.0,,,
nov-25,37.15,29.72,15.42,17.71,100.0,,,
dic-25,35.41,30.32,20.41,13.86,100.0,,,
ene-26,38.65,30.24,14.28,16.82,100.0,,,
feb-26,38.17,30.8,13.9,17.13,100.0,,,
mar-26,42.71,24.53,16.87,15.89,100.0,,,
abr-26,40.9,23.8,19.42,15.89,100.0,,,
may-26,41.21,24.36,18.5,15.94,100.0,,,
jun-26,45.92,24.49,12.07,17.52,100.0,,,
jul-26,35.28,26.93,20.51,17.29,100.0,,,
ene.-08,0.0,0.0,0.0,0.0,,,,
feb.-08,0.0,0.0,0.0,0.0,,,,
mar.-08,0.0,0.0,0.0,0.0,,,,
abr.-08,0.0,0.0,0.0,0.0,,,,
may.-08,0.0,0.0,0.0,0.0,,,,
jun.-08,0.0,0.0,0.0,0.0,,,,
jul.-08,0.0,0.0,0.0,0.0,,,,
ago.-08,0.0,0.0,0.0,0.0,,,,
sep.-08,0.0,0.0,0.0,0.0,,,,
oct.-08,0.0,0.0,0.0,0.0,,,,
nov.-08,0.0,0.0,0.0,0.0,,,,
dic.-08,0.0,0.0,0.0,0.0,,,,
ene.-09,0.0,0.0,0.0,0.0,,,,
feb.-09,0.0,0.0,0.0,0.0,,,,
mar.-09,0.0,0.0,0.0,0.0,,,,
abr.-09,0.0,0.0,0.0,0.0,,,,
may.-09,0.0,0.0,0.0,0.0,,,,
jun.-09,0.0,0.0,0.0,0.0,,,,
jul.-09,0.0,0.0,0.0,0.0,,,,
ago.-09,0.0,0.0,0.0,0.0,,,,
sep.-09,0.0,0.0,0.0,0.0,,,,
oct.-09,0.0,0.0,0.0,0.0,,,,
nov.-09,0.0,0.0,0.0,0.0,,,,
dic.-09,0.0,0.0,0.0,0.0,,,,
ene.-10,0.0,0.0,0.0,0.0,,,,
feb.-10,0.0,0.0,0.0,0.0,,,,
mar.-10,0.0,0.0,0.0,0.0,,,,
abr.-10,0.0,0.0,0.0,0.0,,,,
may.-10,0.0,0.0,0.0,0.0,,,,
jun.-10,0.0,0.0,0.0,0.0,,,,
jul.-10,0.0,0.0,0.0,0.0,,,,
ago.-10,0.0,0.0,0.0,0.0,,,,
sep.-10,0.0,0.0,0.0,0.0,,,,
oct.-10,0.0,0.0,0.0,0.0,,,,
nov.-10,0.0,0.0,0.0,0.0,,,,
dic.-10,0.0,0.0,0.0,0.0,,,,
ene.-11,0.0,0.0,0.0,0.0,,,,
feb.-11,0.0,0.0,0.0,0.0,,,,
mar.-11,0.0,0.0,0.0,0.0,,,,
abr.-11,0.0,0.0,0.0,0.0,,,,
may.-11,0.0,0.0,0.0,0.0,,,,
jun.-11,0.0,0.0,0.0,0.0,,,,
jul.-11,0.0,0.0,0.0,0.0,,,,
ago.-11,0.0,0.0,0.0,0.0,,,,
sep.-11,0.0,0.0,0.0,0.0,,,,
oct.-11,0.0,0.0,0.0,0.0,,,,
nov.-11,0.0,0.0,0.0,0.0,,,,
dic.-11,0.0,0.0,0.0,0.0,,,,
ene.-12,0.0,0.0,0.0,0.0,,,,
feb.-12,0.0,0.0,0.0,0.0,,,,
mar.-12,0.0,0.0,0.0,0.0,,,,
abr.-12,0.0,0.0,0.0,0.0,,,,
may.-12,0.0,0.0,0.0,0.0,,,,
jun.-12,0.0,0.0,0.0,0.0,,,,
jul.-12,0.0,0.0,0.0,0.0,,,,
ago.-12,0.0,0.0,0.0,0.0,,,,
sep.-12,0.0,0.0,0.0,0.0,,,,
oct.-12,0.0,0.0,0.0,0.0,,,,
nov.-12,0.0,0.0,0.0,0.0,,,,
dic.-12,0.0,0.0,0.0,0.0,,,,
ene.-13,0.0,0.0,0.0,0.0,,,,
feb.-13,0.0,0.0,0.0,0.0,,,,
mzo-13,0.0,0.0,0.0,0.0,,,,
abr.-13,0.0,0.0,0.0,0.0,,,,
may.-13,0.0,0.0,0.0,0.0,,,,
jun.-13,0.0,0.0,0.0,0.0,,,,
jul.-13,0.0,0.0,0.0,0.0,,,,
ago.-13,0.0,0.0,0.0,0.0,,,,
sep.-13,0.0,0.0,0.0,0.0,,,,
oct.-13,0.0,0.0,0.0,0.0,,,,
nov.-13,0.0,0.0,0.0,0.0,,,,
dic.-13,0.0,0.0,0.0,0.0,,,,
ene.-14,0.0,0.0,0.0,0.0,,,,
feb.-14,0.0,0.0,0.0,0.0,,,,
mar.-14,0.0,0.0,0.0,0.0,,,,
abr.-14,0.0,0.0,0.0,0.0,,,,
may.-14,0.0,0.0,0.0,0.0,,,,
jun.-14,0.0,0.0,0.0,0.0,,,,
jul.-14,0.0,0.0,0.0,0.0,,,,
ago.-14,0.0,0.0,0.0,0.0,,,,
sep.-14,0.0,0.0,0.0,0.0,,,,
oct.-14,0.0,0.0,0.0,0.0,,,,
nov.-14,0.0,0.0,0.0,0.0,,,,
dic.-14,0.0,0.0,0.0,0.0,,,,
ene.-15,0.0,0.0,0.0,0.0,,,,
feb.-15,0.0,0.0,0.0,0.0,,,,
mar.-15,0.0,0.0,0.0,0.0,,,,
abr.-15,0.0,0.0,0.0,0.0,,,,
may.-15,0.0,0.0,0.0,0.0,,,,
jun.-15,0.0,0.0,0.0,0.0,,,,
jul.-15,0.0,0.0,0.0,0.0,,,,
ago.-15,0.0,0.0,0.0,0.0,,,,
sep.-15,0.0,0.0,0.0,0.0,,,,
oct.-15,0.0,0.0,0.0,0.0,,,,
nov.-15,0.0,0.0,0.0,0.0,,,,
dic.-15,0.0,0.0,0.0,0.0,,,,
ene.-16,0.0,0.0,0.0,0.0,,,,
feb.-16,0.0,0.0,0.0,0.0,,,,
mar.-16,0.0,0.0,0.0,0.0,,,,
abr.-16,0.0,0.0,0.0,0.0,,,,
may.-16,0.0,0.0,0.0,0.0,,,,
jun.-16,0.0,0.0,0.0,0.0,,,,
jul.-16,0.0,0.0,0.0,0.0,,,,
ago.-16,0.0,0.0,0.0,0.0,,,,
sep.-16,0.0,0.0,0.0,0.0,,,,
oct.-16,0.0,0.0,0.0,0.0,,,,
nov.-16,0.0,0.0,0.0,0.0,,,,
dic.-16,0.0,0.0,0.0,0.0,,,,
ene.-17,0.0,0.0,0.0,0.0,,,,
feb.-17,0.0,0.0,0.0,0.0,,,,
mar.-17,0.0,0.0,0.0,0.0,,,,
abr.-17,0.0,0.0,0.0,0.0,,,,
may.-17,0.0,0.0,0.0,0.0,,,,
jun.-17,0.0,0.0,0.0,0.0,,,,
jul.-17,0.0,0.0,0.0,0.0,,,,
ago.-17,0.0,0.0,0.0,0.0,,,,
sep.-17,0.0,0.0,0.0,0.0,,,,
oct.-17,0.0,0.0,0.0,0.0,,,,
nov.-17,0.0,0.0,0.0,0.0,,,,
dic.-17,0.0,0.0,0.0,0.0,,,,
ene.-18,0.0,0.0,0.0,0.0,,,,
feb.-18,0.0,0.0,0.0,0.0,,,,
mar.-18,0.0,0.0,0.0,0.0,,,,
abr.-18,0.0,0.0,0.0,0.0,,,,
may.-18,0.0,0.0,0.0,0.0,,,,
jun.-18,0.0,0.0,0.0,0.0,,,,
jul.-18,0.0,0.0,0.0,0.0,,,,
ago.-18,0.0,0.0,0.0,0.0,,,,
sep.-18,0.0,0.0,0.0,0.0,,,,
oct.-18,0.0,0.0,0.0,0.0,,,,
nov.-18,0.0,0.0,0.0,0.0,,,,
dic.-18,0.0,0.0,0.0,0.0,,,,
ene.-19,0.0,0.0,0.0,0.0,,,,
feb-19,0.0,0.0,0.0,0.0,,,,
mar-19,0.0,0.0,0.0,0.0,,,,
abr-19,0.0,0.0,0.0,0.0,,,,
may-19,0.0,0.0,0.0,0.0,,,,
jun-19,0.0,0.0,0.0,0.0,,,,
jul-19,0.0,0.0,0.0,0.0,,,,
ago-19,0.0,0.0,0.0,0.0,,,,
sep-19,0.0,0.0,0.0,0.0,,,,
oct-19,0.0,0.0,0.0,0.0,,,,
nov-19,0.0,0.0,0.0,0.0,,,,
dic-19,0.0,0.0,0.0,0.0,,,,
ene-20,0.0,0.0,0.0,0.0,,,,
feb-20,0.0,0.0,0.0,0.0,,,,
mar-20,0.0,0.0,0.0,0.0,,,,
abr-20,0.0,0.0,0.0,0.0,,,,
may-20,0.0,0.0,0.0,0.0,,,,
jun-20,0.0,0.0,0.0,0.0,,,,
jul-20,0.0,0.0,0.0,0.0,,,,
ago-20,0.0,0.0,0.0,0.0,,,,
sep-20,0.0,0.0,0.0,0.0,,,,
oct-20,0.0,0.0,0.0,0.0,,,,
nov-20,0.0,0.0,0.0,0.0,,,,
dic-20,0.0,0.0,0.0,0.0,,,,
ene-21,0.0,0.0,0.0,0.0,,,,
feb-21,0.0,0.0,0.0,0.0,,,,
mar-21,0.0,0.0,0.0,0.0,,,,
abr-21,0.0,0.0,0.0,0.0,,,,
may-21,0.0,0.0,0.0,0.0,,,,
jun-21,0.0,0.0,0.0,0.0,,,,
jul-21,0.0,0.0,0.0,0.0,,,,
ago-21,0.0,0.0,0.0,0.0,,,,
sep-21,0.0,0.0,0.0,0.0,,,,
oct-21,0.0,0.0,0.0,0.0,,,,
nov-21,0.0,0.0,0.0,0.0,,,,
dic-21,0.0,0.0,0.0,0.0,,,,
ene-22,0.0,0.0,0.0,0.0,,,,
feb-22,0.0,0.0,0.0,0.0,,,,
mar-22,0.0,0.0,0.0,0.0,,,,
abr-22,0.0,0.0,0.0,0.0,,,,
may-22,0.0,0.0,0.0,0.0,,,,
jun-22,0.0,0.0,0.0,0.0,,,,
jul-22,0.0,0.0,0.0,0.0,,,,
ago-22,0.0,0.0,0.0,0.0,,,,
sep-22,0.0,0.0,0.0,0.0,,,,
oct-22,0.0,0.0,0.0,0.0,,,,
nov-22,0.0,0.0,0.0,0.0,,,,
dic-22,0.0,0.0,0.0,0.0,,,,
ene-23,0.0,0.0,0.0,0.0,,,,
feb-23,0.0,0.0,0.0,0.0,,,,
mar-23,0.0,0.0,0.0,0.0,,,,
abr-23,0.0,0.0,0.0,0.0,,,,
may-23,0.0,0.0,0.0,0.0,,,,
jun-23,0.0,0.0,0.0,0.0,,,,
jul-23,0.0,0.0,0.0,0.0,,,,
ago-23,0.0,0.0,0.0,0.0,,,,
sep-23,0.0,0.0,0.0,0.0,,,,
oct-23,0.0,0.0,0.0,0.0,,,,
nov-23,0.0,0.0,0.0,0.0,,,,
dic-23,0.0,0.0,0.0,0.0,,,,
ene-24,0.0,0.0,0.0,0.0,,,,
feb-24,0.0,0.0,0.0,0.0,,,,
mar-24,0.0,0.0,0.0,0.0,,,,
abr-24,0.0,0.0,0.0,0.0,,,,
may-24,0.0,0.0,0.0,0.0,,,,
jun-24,0.0,0.0,0.0,0.0,,,,
jul-24,0.0,0.0,0.0,0.0,,,,
ago-24,0.0,0.0,0.0,0.0,,,,
sep-24,0.0,0.0,0.0,0.0,,,,
oct-24,0.0,0.0,0.0,0.0,,,,
nov-24,0.0,0.0,0.0,0.0,,,,
dic-24,0.0,0.0,0.0,0.0,,,,
ene-25,0.0,0.0,0.0,0.0,,,,
feb-25,0.0,0.0,0.0,0.0,,,,
mar-25,0.0,0.0,0.0,0.0,,,,
abr-25,0.0,0.0,0.0,0.0,,,,
may-25,0.0,0.0,0.0,0.0,,,,
jun-25,0.0,0.0,0.0,0.0,,,,
jul-25,0.0,0.0,0.0,0.0,,,,
ago-25,0.0,0.0,0.0,0.0,,,,
sep-25,0.0,0.0,0.0,0.0,,,,
oct-25,0.0,0.0,0.0,0.0,,,,
nov-25,0.0,0.0,0.0,0.0,,,,
dic-25,0.0,0.0,0.0,0.0,,,,
ene-26,0.0,0.0,0.0,0.0,,,,
feb-26,0.0,0.0,0.0,0.0,,,,
mar-26,0.0,0.0,0.0,0.0,,,,
abr-26,0.0,0.0,0.0,0.0,,,,
may-26,0.0,0.0,0.0,0.0,,,,
jun-26,0.0,0.0,0.0,0.0,,,,
jul-26,0.0,0.0,0.0,0.0,,,,
